id,ingameId,gear,type,set,rank,level,enhance,mainStatType,mainStatValue,gearScore,dScore,sScore,cScore,maxEnhancementRolls,totalEnhancementRolls,hasSpike,hasModified,bestRole,usefulStatCount,slotPreferredStatCount,mainStatPreferred,quality,reason
1192549342,1192549342,Helmet,helm,AttackSet,Heroic,90,15,Health,2835.0,59.857142857142854,44.857142857142854,26.0,44.857142857142854,2,4,false,true,DPS,3,0,false,KEEP,Modified substat (safe)
4255531739,4255531739,Armor,armor,SpeedSet,Epic,90,15,Defense,310.0,68.85714285714286,22.857142857142854,32.0,54.857142857142854,2,5,false,false,BRUISER,3,0,false,REVIEW,High Gear Score but incomplete role signal
4274548604,4274548604,Ring,ring,AttackSet,Epic,88,15,AttackPercent,65.0,55.22857142857143,24.228571428571428,18.0,24.228571428571428,2,5,false,false,SUPPORT,1,1,false,DELETE_CANDIDATE,Low-quality spread with weak role signal
4325657801,4325657801,Ring,ring,CriticalSet,Heroic,90,15,EffectivenessPercent,65.0,53.81731527093596,49.857142857142854,10.0,53.81731527093596,3,4,true,true,DPS,3,1,false,KEEP,Modified substat (safe)
4325955390,4325955390,Helmet,helm,HitSet,Heroic,90,15,Health,2835.0,65.85714285714286,14.857142857142858,27.0,41.857142857142854,2,4,false,false,BRUISER,3,0,false,REVIEW,Broad role fit with borderline Gear Score
4341328535,4341328535,Helmet,helm,CriticalSet,Heroic,90,15,Health,2835.0,56.857142857142854,50.857142857142854,10.0,56.857142857142854,2,4,false,false,BRUISER,4,0,false,DELETE_CANDIDATE,Low-quality spread with weak role signal
4348411933,4348411933,Boots,boot,CriticalSet,Epic,90,15,AttackPercent,65.0,65.18258620689656,46.400000000000006,0.0,50.18258620689656,2,5,false,false,DPS,2,0,true,REVIEW,Broad role fit with borderline Gear Score
4348428338,4348428338,Necklace,neck,SpeedSet,Heroic,90,15,CriticalHitDamagePercent,70.0,56.4,39.4,4.0,39.4,2,4,false,true,DPS,3,2,true,KEEP,Modified substat (safe)
4348428879,4348428879,Necklace,neck,SpeedSet,Heroic,90,15,CriticalHitChancePercent,60.0,51.56790640394089,31.714285714285715,42.0,51.56790640394089,3,4,true,false,BRUISER,3,2,true,KEEP,Strong slot/main-stat role fit
4358826772,4358826772,Helmet,helm,DefenseSet,Epic,90,15,Health,2835.0,65.97142857142858,65.97142857142858,6.0,65.97142857142858,2,5,false,true,DPS,4,0,false,KEEP,Modified substat (safe)
4437347548,4437347548,Armor,armor,HitSet,Heroic,90,15,Defense,310.0,66.4,40.400000000000006,27.0,40.400000000000006,2,4,false,false,DPS,2,0,false,REVIEW,High Gear Score but incomplete role signal
4479273278,4479273278,Armor,armor,HealthSet,Heroic,90,15,Defense,310.0,62.0,8.0,41.0,41.0,2,4,false,true,DEBUFFER,4,0,false,KEEP,Modified substat (safe)
4493305159,4493305159,Weapon,weapon,CriticalSet,Heroic,90,15,Attack,525.0,56.11428571428571,56.11428571428571,20.0,56.11428571428571,2,4,false,false,DPS,4,0,false,DELETE_CANDIDATE,Low-quality spread with weak role signal
4510743125,4510743125,Necklace,neck,SpeedSet,Heroic,90,15,HealthPercent,65.0,57.78258620689655,26.0,54.0,44.78258620689655,2,4,false,true,SUPPORT,3,1,true,KEEP,Modified substat (safe)
4531281805,4531281805,Ring,ring,CriticalSet,Epic,90,15,AttackPercent,65.0,62.27709677419355,18.8,30.0,62.27709677419355,2,5,false,true,BRUISER,3,1,true,KEEP,Modified substat (safe)
4577708077,4577708077,Boots,boot,CriticalSet,Heroic,90,15,AttackPercent,65.0,62.0,38.0,36.0,38.0,3,4,true,true,DPS,2,1,true,KEEP,Modified substat (safe)
4596860785,4596860785,Weapon,weapon,LifestealSet,Epic,85,15,Attack,500.0,59.4,47.4,22.0,59.4,2,5,false,false,DPS,3,0,false,REVIEW,Broad role fit with borderline Gear Score
4602322984,4602322984,Helmet,helm,HitSet,Epic,90,15,Health,2835.0,72.0,21.0,55.0,54.0,3,5,true,false,SUPPORT,3,0,false,REVIEW,High Gear Score but incomplete role signal
4636516167,4636516167,Weapon,weapon,SpeedSet,Heroic,90,15,Attack,525.0,66.91428571428571,57.91428571428571,9.0,66.91428571428571,3,4,true,false,DPS,3,0,false,REVIEW,High Gear Score but incomplete role signal
4695964026,4695964026,Armor,armor,LifestealSet,Epic,85,15,Defense,300.0,58.0,22.0,38.0,30.0,3,5,true,true,DEBUFFER,3,0,false,KEEP,Modified substat (safe)
4704083628,4704083628,Boots,boot,LifestealSet,Epic,85,15,AttackPercent,60.0,56.8,32.8,12.0,32.8,3,5,true,true,DPS,3,1,true,KEEP,Modified substat (safe)
4704128443,4704128443,Necklace,neck,LifestealSet,Epic,85,15,AttackPercent,60.0,58.0,34.0,45.0,53.0,3,5,true,false,BRUISER,3,2,false,KEEP,Spike with coherent role fit
4766868678,4766868678,Helmet,helm,HitSet,Epic,90,15,Health,2835.0,68.28571428571428,59.285714285714285,27.0,59.285714285714285,4,5,true,false,DPS,3,0,false,REVIEW,High Gear Score but incomplete role signal
4774406177,4774406177,Boots,boot,CriticalSet,Heroic,90,15,Speed,45.0,65.0,16.0,26.0,42.0,2,4,false,false,BRUISER,3,2,true,KEEP,Strong slot/main-stat role fit
4784528403,4784528403,Weapon,weapon,SpeedSet,Heroic,90,15,Attack,525.0,67.74285714285715,26.742857142857144,41.0,61.74285714285715,3,4,true,false,BRUISER,3,0,false,REVIEW,High Gear Score but incomplete role signal
4791467162,4791467162,Armor,armor,CriticalSet,Heroic,90,15,Defense,310.0,62.14285714285714,31.142857142857142,53.0,62.14285714285714,2,4,false,false,BRUISER,4,0,false,REVIEW,Broad role fit with borderline Gear Score
4793103468,4793103468,Weapon,weapon,DefenseSet,Epic,90,15,Attack,525.0,71.0,42.0,57.0,42.0,3,5,true,true,SUPPORT,2,0,false,KEEP,Modified substat (safe)
4859407187,4859407187,Armor,armor,HitSet,Epic,90,15,Defense,310.0,68.57142857142857,28.57142857142857,48.0,41.57142857142857,2,5,false,false,SUPPORT,3,0,false,REVIEW,High Gear Score but incomplete role signal
4927005663,4927005663,Weapon,weapon,CriticalSet,Epic,90,15,Attack,525.0,62.0,39.0,44.0,39.0,3,5,true,false,SUPPORT,2,0,false,REVIEW,Broad role fit with borderline Gear Score
5213619527,5213619527,Ring,ring,ImmunitySet,Epic,90,15,EffectivenessPercent,65.0,65.0,37.0,58.0,60.0,3,5,true,false,SUPPORT,3,2,false,KEEP,Exceptional Speed safety rule
5598436690,5598436690,Armor,armor,CounterSet,Heroic,90,15,Defense,310.0,62.0,8.0,35.0,21.0,2,4,false,false,SUPPORT,2,0,false,REVIEW,Broad role fit with borderline Gear Score
5598438218,5598438218,Armor,armor,HealthSet,Heroic,90,15,Defense,310.0,60.0,6.0,47.0,12.0,3,4,true,false,SUPPORT,3,0,false,REVIEW,Broad role fit with borderline Gear Score
5696644957,5696644957,Weapon,weapon,AttackSet,Epic,90,15,Attack,525.0,67.0,22.0,26.0,22.0,3,5,true,false,DEBUFFER,2,0,false,REVIEW,High Gear Score but incomplete role signal
5696644958,5696644958,Helmet,helm,AttackSet,Epic,90,15,Health,2835.0,68.45714285714286,68.45714285714286,10.0,68.45714285714286,3,5,true,true,DPS,4,0,false,KEEP,Modified substat (safe)
5721585851,5721585851,Weapon,weapon,SpeedSet,Heroic,90,15,Attack,525.0,56.82857142857142,51.82857142857142,10.0,51.82857142857142,3,4,true,false,DPS,3,0,false,DELETE_CANDIDATE,Low-quality spread with weak role signal
5760243825,5760243825,Weapon,weapon,CriticalSet,Epic,90,15,Attack,525.0,70.85714285714286,62.857142857142854,26.0,70.85714285714286,4,5,true,false,BRUISER,3,0,false,REVIEW,High Gear Score but incomplete role signal
5760272626,5760272626,Weapon,weapon,CriticalSet,Epic,90,15,Attack,525.0,69.2,62.2,27.0,62.2,3,5,true,true,DPS,3,0,false,KEEP,Modified substat (safe)
5768755927,5768755927,Armor,armor,SpeedSet,Epic,90,15,Defense,310.0,64.4,22.4,50.0,64.4,5,5,true,false,BRUISER,4,0,false,REVIEW,Broad role fit with borderline Gear Score
5809890093,5809890093,Necklace,neck,ImmunitySet,Epic,90,15,CriticalHitDamagePercent,70.0,75.0,58.0,33.0,75.0,2,5,false,false,DPS,3,2,true,KEEP,Strong slot/main-stat role fit
5848557806,5848557806,Boots,boot,HitSet,Epic,90,15,HealthPercent,65.0,66.0,18.0,47.0,31.0,2,5,false,true,BRUISER,2,2,true,KEEP,Modified substat (safe)
5856575693,5856575693,Weapon,weapon,CriticalSet,Epic,90,15,Attack,525.0,72.0,24.0,49.0,33.0,2,5,false,false,DEBUFFER,3,0,false,REVIEW,High Gear Score but incomplete role signal
5867169211,5867169211,Boots,boot,SpeedSet,Epic,90,15,Speed,45.0,67.4,6.4,52.0,58.4,4,5,true,true,BRUISER,3,2,true,KEEP,Modified substat (safe)
5867174897,5867174897,Boots,boot,SpeedSet,Epic,85,15,AttackPercent,60.0,56.17142857142857,38.17142857142857,26.0,56.17142857142857,2,5,false,false,BRUISER,4,2,false,REVIEW,Multiple slot-preferred stats but incomplete main-stat fit
5867184097,5867184097,Boots,boot,HitSet,Epic,90,15,HealthPercent,65.0,68.85714285714286,53.857142857142854,39.0,53.857142857142854,2,5,false,false,DPS,3,2,false,KEEP,Strong slot role fit with high Gear Score
5891059989,5891059989,Weapon,weapon,SpeedSet,Epic,90,15,Attack,525.0,71.0,34.0,48.0,56.0,2,5,false,false,DEBUFFER,3,0,false,REVIEW,High Gear Score but incomplete role signal
5973826069,5973826069,Weapon,weapon,CriticalSet,Heroic,90,15,Attack,525.0,65.0,50.0,8.0,58.0,3,4,true,false,DPS,2,0,false,REVIEW,Broad role fit with borderline Gear Score
5975929350,5975929350,Weapon,weapon,HitSet,Epic,90,15,Attack,525.0,75.2,37.2,39.0,37.2,2,5,false,false,SUPPORT,2,0,false,REVIEW,High Gear Score but incomplete role signal
6012816265,6012816265,Armor,armor,CriticalSet,Heroic,85,15,Defense,300.0,59.0,24.0,27.0,51.0,3,4,true,false,BRUISER,3,0,false,REVIEW,Broad role fit with borderline Gear Score
6023856585,6023856585,Helmet,helm,HealthSet,Epic,90,15,Health,2835.0,74.6,30.6,16.0,46.6,2,5,false,false,DEBUFFER,2,0,false,REVIEW,High Gear Score but incomplete role signal
6040453899,6040453899,Weapon,weapon,CriticalSet,Heroic,90,15,Attack,525.0,68.6,51.6,33.0,68.6,2,4,false,false,DPS,3,0,false,REVIEW,High Gear Score but incomplete role signal
6188951417,6188951417,Helmet,helm,CriticalSet,Heroic,90,15,Health,2835.0,63.0,22.0,55.0,55.0,3,4,true,false,BRUISER,3,0,false,REVIEW,Broad role fit with borderline Gear Score
6226320957,6226320957,Weapon,weapon,SpeedSet,Heroic,90,15,Attack,525.0,67.31428571428572,51.31428571428572,28.0,51.31428571428572,2,4,false,false,DPS,3,0,false,REVIEW,High Gear Score but incomplete role signal
6241848604,6241848604,Helmet,helm,HealthSet,Epic,90,15,Health,2835.0,68.88849816849817,63.74285714285715,0.0,68.88849816849817,2,5,false,true,DPS,3,0,false,KEEP,Modified substat (safe)
6342883582,6342883582,Boots,boot,ImmunitySet,Epic,90,15,Speed,45.0,75.2,27.200000000000003,32.0,34.2,2,5,false,false,BRUISER,2,1,true,REVIEW,High Gear Score but incomplete role signal
6348593323,6348593323,Helmet,helm,HealthSet,Epic,90,15,Health,2835.0,74.8,60.8,5.0,60.8,3,5,true,false,DPS,2,0,false,REVIEW,High Gear Score but incomplete role signal
6367276493,6367276493,Helmet,helm,CriticalSet,Heroic,90,15,Health,2835.0,59.4,59.4,32.0,59.4,3,4,true,false,DPS,4,0,false,KEEP,Exceptional Speed safety rule
6609320738,6609320738,Necklace,neck,SpeedSet,Heroic,90,15,CriticalHitDamagePercent,70.0,60.0,55.0,25.0,55.0,2,4,false,true,DPS,3,2,true,KEEP,Modified substat (safe)
6609717353,6609717353,Ring,ring,ImmunitySet,Epic,90,15,AttackPercent,65.0,63.57142857142857,42.57142857142857,14.0,42.57142857142857,2,5,false,false,DEBUFFER,2,1,false,REVIEW,Broad role fit with borderline Gear Score
6613075858,6613075858,Weapon,weapon,SpeedSet,Epic,90,15,Attack,525.0,66.4,46.400000000000006,5.0,46.400000000000006,4,5,true,false,DPS,2,0,false,REVIEW,High Gear Score but incomplete role signal
6613075866,6613075866,Ring,ring,SpeedSet,Epic,90,15,EffectivenessPercent,65.0,68.0,56.0,36.0,68.0,3,5,true,false,BRUISER,4,2,false,KEEP,Strong slot role fit with high Gear Score
6642694549,6642694549,Weapon,weapon,CriticalSet,Epic,90,15,Attack,525.0,61.285714285714285,56.285714285714285,27.0,61.285714285714285,2,5,false,false,BRUISER,4,0,false,REVIEW,Broad role fit with borderline Gear Score
6674964808,6674964808,Armor,armor,CriticalSet,Epic,90,15,Defense,310.0,71.14285714285714,47.14285714285714,46.0,71.14285714285714,2,5,false,false,BRUISER,4,0,false,REVIEW,High Gear Score but incomplete role signal
8194129026,8194129026,Armor,armor,SpeedSet,Epic,90,15,Defense,310.0,63.57142857142857,36.57142857142857,20.0,36.57142857142857,3,5,true,false,DPS,2,0,false,REVIEW,Broad role fit with borderline Gear Score
9076247765,9076247765,Ring,ring,SpeedSet,Epic,90,15,EffectivenessPercent,65.0,66.00913793103447,26.0,50.0,66.00913793103447,3,5,true,false,BRUISER,3,1,false,KEEP,Spike with coherent role fit
10326942160,10326942160,Weapon,weapon,SpeedSet,Epic,88,15,Attack,515.0,64.8,56.8,20.0,56.8,2,5,false,false,DPS,3,0,false,REVIEW,Broad role fit with borderline Gear Score
10326942162,10326942162,Helmet,helm,SpeedSet,Epic,88,15,Health,2765.0,64.0,34.0,38.0,64.0,3,5,true,false,BRUISER,3,0,false,REVIEW,Broad role fit with borderline Gear Score
10326942163,10326942163,Armor,armor,SpeedSet,Epic,88,15,Defense,310.0,69.0,20.0,53.0,53.0,2,5,false,false,DEBUFFER,4,0,false,REVIEW,High Gear Score but incomplete role signal
10326942164,10326942164,Necklace,neck,SpeedSet,Epic,88,15,HealthPercent,65.0,66.0,28.0,44.0,58.0,3,5,true,false,DEBUFFER,3,1,true,KEEP,Spike with coherent role fit
10326942166,10326942166,Ring,ring,SpeedSet,Epic,88,15,HealthPercent,65.0,67.0,36.0,43.0,59.0,2,5,false,false,DEBUFFER,3,1,true,REVIEW,High Gear Score but incomplete role signal
10326942167,10326942167,Boots,boot,SpeedSet,Epic,88,15,Speed,45.0,71.0,47.0,24.0,71.0,2,5,false,false,BRUISER,3,2,true,KEEP,Strong slot/main-stat role fit
10329699886,10329699886,Weapon,weapon,DefenseSet,Heroic,90,15,Attack,525.0,62.0,38.0,0.0,38.0,2,4,false,true,DPS,3,0,false,KEEP,Modified substat (safe)
10329704914,10329704914,Weapon,weapon,CounterSet,Epic,90,15,Attack,525.0,62.857142857142854,34.857142857142854,9.0,34.857142857142854,3,5,true,false,DPS,2,0,false,REVIEW,Broad role fit with borderline Gear Score
10329705681,10329705681,Weapon,weapon,ResistSet,Heroic,90,15,Attack,525.0,62.14285714285714,21.142857142857142,6.0,21.142857142857142,4,4,true,true,DPS,3,0,false,KEEP,Modified substat (safe)
10331534863,10331534863,Weapon,weapon,CounterSet,Epic,88,15,Attack,515.0,67.4,30.4,45.0,67.4,4,5,true,true,BRUISER,4,0,false,KEEP,Modified substat (safe)
10331534864,10331534864,Helmet,helm,CounterSet,Epic,88,15,Health,2765.0,67.0,8.0,45.0,53.0,2,5,false,false,DEBUFFER,3,0,false,REVIEW,High Gear Score but incomplete role signal
10331534865,10331534865,Armor,armor,CounterSet,Epic,88,15,Defense,310.0,58.8,28.8,30.0,58.8,2,5,false,true,BRUISER,4,0,false,KEEP,Modified substat (safe)
10331534866,10331534866,Necklace,neck,CounterSet,Epic,88,15,CriticalHitDamagePercent,70.0,63.8,48.8,28.0,48.8,3,5,true,true,DPS,3,2,true,KEEP,Modified substat (safe)
10331534867,10331534867,Ring,ring,CounterSet,Epic,88,15,HealthPercent,65.0,68.57142857142857,60.57142857142857,0.0,60.57142857142857,3,5,true,false,DEBUFFER,1,1,true,KEEP,Spike with coherent role fit
10331534868,10331534868,Boots,boot,CounterSet,Epic,88,15,Speed,45.0,73.6,17.6,39.0,56.6,2,5,false,false,BRUISER,3,2,true,KEEP,Strong slot/main-stat role fit
10334942354,10334942354,Weapon,weapon,CriticalSet,Epic,88,15,Attack,515.0,63.2,56.2,31.0,63.2,2,5,false,false,DPS,3,0,false,REVIEW,Broad role fit with borderline Gear Score
10335619748,10335619748,Helmet,helm,ResistSet,Epic,88,15,Health,2765.0,67.0,22.0,67.0,51.0,2,5,false,false,SUPPORT,4,0,false,REVIEW,High Gear Score but incomplete role signal
10338757837,10338757837,Helmet,helm,HitSet,Epic,90,15,Health,2835.0,70.2,25.200000000000003,45.0,70.2,3,5,true,true,BRUISER,3,0,false,KEEP,Modified substat (safe)
10338804036,10338804036,Boots,boot,SpeedSet,Epic,85,15,Speed,40.0,55.8,25.8,30.0,55.8,3,5,true,true,BRUISER,3,2,true,KEEP,Modified substat (safe)
10340272702,10340272702,Helmet,helm,HitSet,Heroic,90,15,Health,2835.0,53.90358974358974,50.0,0.0,53.90358974358974,4,4,true,false,DPS,3,0,false,DELETE_CANDIDATE,Low-quality spread with weak role signal
10340273635,10340273635,Armor,armor,CriticalSet,Epic,90,15,Defense,310.0,71.02857142857142,63.028571428571425,26.0,63.028571428571425,3,5,true,false,DPS,3,0,false,REVIEW,High Gear Score but incomplete role signal
10346417628,10346417628,Boots,boot,TorrentSet,Heroic,90,15,Speed,45.0,62.31428571428572,47.31428571428572,8.0,55.31428571428572,2,4,false,false,BRUISER,3,1,true,REVIEW,One core stat with preferred main stat
10347149375,10347149375,Weapon,weapon,CounterSet,Epic,88,15,Attack,515.0,57.8,20.8,26.0,38.8,2,5,false,false,DEBUFFER,3,0,false,DELETE_CANDIDATE,Low-quality spread with weak role signal
10347149377,10347149377,Helmet,helm,CounterSet,Epic,88,15,Health,2765.0,66.0,8.0,42.0,50.0,3,5,true,false,DEBUFFER,3,0,false,REVIEW,High Gear Score but incomplete role signal
10347149378,10347149378,Armor,armor,CounterSet,Epic,88,15,Defense,310.0,64.6,25.6,31.0,56.6,3,5,true,false,BRUISER,3,0,false,REVIEW,Broad role fit with borderline Gear Score
10347149379,10347149379,Necklace,neck,CounterSet,Epic,88,15,CriticalHitDamagePercent,70.0,70.0,16.0,23.0,31.0,4,5,true,false,BRUISER,3,2,true,KEEP,Strong slot/main-stat role fit
10347149380,10347149380,Ring,ring,CounterSet,Epic,88,15,HealthPercent,65.0,63.2,48.2,0.0,48.2,2,5,false,false,DEBUFFER,1,1,true,REVIEW,One core stat with preferred main stat
10347149382,10347149382,Boots,boot,CounterSet,Epic,88,15,Speed,45.0,57.0,0.0,49.0,39.0,2,5,false,true,BRUISER,2,2,true,KEEP,Modified substat (safe)
10351877869,10351877869,Necklace,neck,SpeedSet,Heroic,85,15,HealthPercent,60.0,43.66379310344828,14.0,19.0,21.663793103448278,3,4,true,false,DEBUFFER,3,1,true,KEEP,Spike with coherent role fit
10351877876,10351877876,Necklace,neck,CriticalSet,Epic,90,15,AttackPercent,65.0,61.91428571428571,54.91428571428571,37.0,61.91428571428571,3,5,true,true,BRUISER,4,3,false,KEEP,Modified substat (safe)
10351881838,10351881838,Necklace,neck,CriticalSet,Epic,90,15,CriticalHitDamagePercent,70.0,66.6,39.6,5.0,44.6,3,5,true,true,DPS,2,2,true,KEEP,Modified substat (safe)
10351886930,10351886930,Necklace,neck,SpeedSet,Epic,90,15,HealthPercent,65.0,69.6,48.6,21.0,62.6,3,5,true,false,BRUISER,2,2,true,KEEP,Strong slot/main-stat role fit
10351895584,10351895584,Necklace,neck,HitSet,Heroic,90,15,CriticalHitDamagePercent,70.0,62.20564102564103,36.6,17.0,62.20564102564103,1,4,false,false,DPS,2,2,true,KEEP,Strong slot/main-stat role fit
10351897397,10351897397,Necklace,neck,HitSet,Epic,90,15,CriticalHitDamagePercent,70.0,73.0,33.0,40.0,67.0,3,5,true,false,BRUISER,2,2,true,KEEP,Strong slot/main-stat role fit
10351897401,10351897401,Necklace,neck,SpeedSet,Epic,90,15,HealthPercent,65.0,62.34285714285714,36.34285714285714,5.0,41.34285714285714,2,5,false,false,BRUISER,3,3,true,KEEP,Strong slot/main-stat role fit
10351917595,10351917595,Ring,ring,SpeedSet,Epic,90,15,EffectivenessPercent,65.0,64.75897435897436,12.0,55.0,55.758974358974356,3,5,true,false,SUPPORT,3,2,false,KEEP,Spike with coherent role fit
10351917597,10351917597,Ring,ring,SpeedSet,Epic,85,15,EffectivenessPercent,60.0,51.857142857142854,22.857142857142854,37.0,51.857142857142854,3,5,true,true,BRUISER,4,2,false,KEEP,Modified substat (safe)
10351917600,10351917600,Ring,ring,HitSet,Heroic,90,15,HealthPercent,65.0,69.14285714285714,33.14285714285714,60.0,50.14285714285714,2,4,false,false,SUPPORT,3,2,true,KEEP,Strong slot/main-stat role fit
10351933700,10351933700,Boots,boot,HitSet,Heroic,90,15,Speed,45.0,62.457142857142856,53.457142857142856,9.0,53.457142857142856,2,4,false,true,DPS,3,1,true,KEEP,Modified substat (safe)
10351938242,10351938242,Boots,boot,CriticalSet,Epic,90,15,HealthPercent,65.0,75.0,40.0,67.0,57.0,3,5,true,true,BRUISER,3,2,true,KEEP,Modified substat (safe)
10351941759,10351941759,Boots,boot,CriticalSet,Heroic,90,15,HealthPercent,65.0,62.400000000000006,56.400000000000006,24.0,62.400000000000006,2,4,false,true,BRUISER,4,2,true,KEEP,Modified substat (safe)
10351942455,10351942455,Boots,boot,SpeedSet,Epic,90,15,Speed,45.0,68.2,19.200000000000003,27.0,46.2,2,5,false,true,BRUISER,3,2,true,KEEP,Modified substat (safe)
10351943162,10351943162,Boots,boot,CriticalSet,Heroic,85,15,Speed,40.0,54.8,28.8,26.0,54.8,3,4,true,true,BRUISER,3,1,true,KEEP,Modified substat (safe)
10351943728,10351943728,Boots,boot,CriticalSet,Heroic,90,15,Speed,45.0,61.6,32.6,8.0,32.6,2,4,false,false,DPS,2,1,true,REVIEW,One core stat with preferred main stat
10351944509,10351944509,Boots,boot,CriticalSet,Heroic,90,15,AttackPercent,65.0,61.057142857142864,46.057142857142864,35.0,61.057142857142864,2,4,false,false,BRUISER,4,2,false,REVIEW,Multiple slot-preferred stats but incomplete main-stat fit
10351945799,10351945799,Boots,boot,HitSet,Epic,85,15,Speed,40.0,56.028571428571425,35.028571428571425,0.0,35.028571428571425,2,5,false,true,DPS,3,1,true,KEEP,Modified substat (safe)
10351945803,10351945803,Boots,boot,HitSet,Heroic,90,15,Speed,45.0,69.07774193548389,55.800000000000004,7.0,62.07774193548388,3,4,true,false,DPS,2,1,true,KEEP,Spike with coherent role fit
10351946589,10351946589,Boots,boot,SpeedSet,Heroic,90,15,Speed,45.0,59.74285714285715,53.74285714285715,0.0,53.74285714285715,2,4,false,true,DPS,3,1,true,KEEP,Modified substat (safe)
10351947999,10351947999,Boots,boot,SpeedSet,Epic,85,15,Speed,40.0,53.8,24.8,29.0,53.8,3,5,true,true,BRUISER,3,2,true,KEEP,Modified substat (safe)
10351951771,10351951771,Boots,boot,SpeedSet,Heroic,90,15,Speed,45.0,59.14285714285714,9.142857142857142,50.0,46.14285714285714,3,4,true,false,BRUISER,3,2,true,KEEP,Strong slot/main-stat role fit
10351953283,10351953283,Boots,boot,HitSet,Epic,90,15,Speed,45.0,63.0,14.0,11.0,20.0,4,5,true,false,DPS,1,1,true,KEEP,Spike with coherent role fit
10351960638,10351960638,Ring,ring,SpeedSet,Epic,90,15,EffectivenessPercent,65.0,56.78307692307692,42.0,32.0,56.78307692307692,3,5,true,false,BRUISER,3,1,false,DELETE_CANDIDATE,Low-quality spread with weak role signal
10351961205,10351961205,Ring,ring,SpeedSet,Epic,90,15,HealthPercent,65.0,70.0,56.0,53.0,61.0,5,5,true,true,DEBUFFER,3,1,true,KEEP,Modified substat (safe)
10351962690,10351962690,Ring,ring,HitSet,Epic,85,15,EffectivenessPercent,60.0,51.698152709359604,4.571428571428571,41.0,51.698152709359604,3,5,true,false,BRUISER,3,2,false,REVIEW,Multiple slot-preferred stats but incomplete main-stat fit
10351969531,10351969531,Necklace,neck,HitSet,Epic,90,15,AttackPercent,65.0,66.0,30.0,34.0,30.0,2,5,false,false,DPS,2,1,true,REVIEW,High Gear Score but incomplete role signal
10351972193,10351972193,Necklace,neck,SpeedSet,Heroic,90,15,CriticalHitDamagePercent,70.0,55.69435897435898,25.0,6.0,33.69435897435898,2,4,false,false,DPS,1,1,true,REVIEW,One core stat with preferred main stat
10351972819,10351972819,Necklace,neck,CriticalSet,Epic,85,15,HealthPercent,60.0,52.08402930402931,47.91428571428572,0.0,52.08402930402931,3,5,true,true,DPS,3,3,false,KEEP,Modified substat (safe)
10351976787,10351976787,Necklace,neck,SpeedSet,Epic,90,15,AttackPercent,65.0,71.71428571428572,21.714285714285715,41.0,54.714285714285715,3,5,true,false,BRUISER,3,2,false,KEEP,Strong slot role fit with high Gear Score
10351978386,10351978386,Necklace,neck,SpeedSet,Epic,90,15,CriticalHitChancePercent,60.0,64.0,36.0,17.0,45.0,3,5,true,false,DPS,2,1,true,KEEP,Spike with coherent role fit
10353392220,10353392220,Armor,armor,SpeedSet,Epic,90,15,Defense,310.0,71.0,26.0,63.0,71.0,3,5,true,false,BRUISER,4,0,false,REVIEW,High Gear Score but incomplete role signal
10354135981,10354135981,Weapon,weapon,CriticalSet,Epic,90,15,Attack,525.0,71.4,29.400000000000002,14.0,43.400000000000006,2,5,false,false,DEBUFFER,2,0,false,REVIEW,High Gear Score but incomplete role signal
10354174783,10354174783,Helmet,helm,CriticalSet,Epic,90,15,Health,2835.0,62.71428571428571,39.71428571428571,16.0,55.71428571428571,2,5,false,false,DPS,2,0,false,REVIEW,Broad role fit with borderline Gear Score
10354195937,10354195937,Weapon,weapon,SpeedSet,Heroic,90,15,Attack,525.0,66.74285714285715,58.74285714285715,8.0,66.74285714285715,3,4,true,false,DPS,3,0,false,REVIEW,High Gear Score but incomplete role signal
10354196174,10354196174,Armor,armor,SpeedSet,Heroic,90,15,Defense,310.0,61.368620689655174,48.0,17.0,61.368620689655174,4,4,true,false,BRUISER,3,0,false,REVIEW,Broad role fit with borderline Gear Score
10359911729,10359911729,Armor,armor,SpeedSet,Epic,90,15,Defense,310.0,65.85714285714286,46.857142857142854,19.0,65.85714285714286,3,5,true,false,BRUISER,4,0,false,REVIEW,Broad role fit with borderline Gear Score
10368670654,10368670654,Weapon,weapon,DestructionSet,Epic,88,15,Attack,515.0,61.4,61.4,16.0,61.4,2,5,false,false,DPS,4,0,false,REVIEW,Broad role fit with borderline Gear Score
10369046630,10369046630,Helmet,helm,CriticalSet,Epic,88,15,Health,2765.0,72.0,50.0,48.0,72.0,2,5,false,false,BRUISER,4,0,false,REVIEW,High Gear Score but incomplete role signal
10369871413,10369871413,Necklace,neck,RevengeSet,Epic,88,15,CriticalHitDamagePercent,70.0,59.4,25.4,20.0,25.4,2,5,false,true,DPS,2,2,true,KEEP,Modified substat (safe)
10369878419,10369878419,Helmet,helm,DestructionSet,Epic,88,15,Health,2765.0,61.4,61.4,16.0,61.4,2,5,false,false,DPS,4,0,false,REVIEW,Broad role fit with borderline Gear Score
10371790253,10371790253,Helmet,helm,HitSet,Epic,90,15,Health,2835.0,66.0,22.0,50.0,50.0,2,5,false,false,DEBUFFER,4,0,false,REVIEW,High Gear Score but incomplete role signal
10372116935,10372116935,Weapon,weapon,SpeedSet,Epic,90,15,Attack,525.0,71.85714285714286,40.857142857142854,31.0,63.857142857142854,2,5,false,false,BRUISER,2,0,false,REVIEW,High Gear Score but incomplete role signal
10377863308,10377863308,Weapon,weapon,SpeedSet,Heroic,90,15,Attack,525.0,57.24509852216748,53.14285714285714,24.0,57.24509852216748,2,4,false,false,DPS,3,0,false,DELETE_CANDIDATE,Low-quality spread with weak role signal
10381511225,10381511225,Helmet,helm,SpeedSet,Heroic,90,15,Health,2835.0,60.79076923076923,56.0,0.0,60.79076923076923,3,4,true,true,DPS,3,0,false,KEEP,Modified substat (safe)
10385571998,10385571998,Weapon,weapon,SpeedSet,Epic,85,15,Attack,500.0,56.8,28.8,28.0,37.8,2,5,false,false,BRUISER,3,0,false,DELETE_CANDIDATE,Low-quality spread with weak role signal
10385928583,10385928583,Boots,boot,SpeedSet,Epic,90,15,Speed,45.0,66.0,13.0,53.0,44.0,2,5,false,false,BRUISER,2,2,true,KEEP,Strong slot/main-stat role fit
10385930761,10385930761,Boots,boot,SpeedSet,Epic,90,15,Speed,45.0,66.0,16.0,50.0,51.0,2,5,false,false,BRUISER,3,2,true,KEEP,Strong slot/main-stat role fit
10393883220,10393883220,Armor,armor,DestructionSet,Epic,88,15,Defense,310.0,61.34285714285714,54.34285714285714,25.0,61.34285714285714,2,5,false,false,BRUISER,4,0,false,REVIEW,Broad role fit with borderline Gear Score
10403179252,10403179252,Boots,boot,DestructionSet,Epic,88,15,AttackPercent,65.0,61.14285714285714,55.14285714285714,20.0,61.14285714285714,3,5,true,false,BRUISER,4,2,false,KEEP,Spike with coherent role fit
10407119035,10407119035,Helmet,helm,DefenseSet,Epic,90,15,Health,2835.0,73.0,31.0,42.0,57.0,2,5,false,false,BRUISER,2,0,false,REVIEW,High Gear Score but incomplete role signal
10419021991,10419021991,Armor,armor,CriticalSet,Epic,88,15,Defense,310.0,61.82857142857142,47.82857142857143,36.0,61.82857142857142,2,5,false,false,BRUISER,4,0,false,REVIEW,Broad role fit with borderline Gear Score
10424816839,10424816839,Ring,ring,DestructionSet,Epic,88,15,AttackPercent,65.0,58.06300366300366,54.51428571428571,20.0,58.06300366300366,2,5,false,true,DPS,3,0,true,KEEP,Modified substat (safe)
10425944742,10425944742,Armor,armor,SpeedSet,Epic,85,15,Defense,300.0,55.57142857142857,44.57142857142857,6.0,50.57142857142857,3,5,true,false,BRUISER,3,0,false,DELETE_CANDIDATE,Low-quality spread with weak role signal
10426270361,10426270361,Necklace,neck,DestructionSet,Epic,88,15,CriticalHitDamagePercent,70.0,56.72769230769231,53.8,18.0,56.72769230769231,3,5,true,true,DPS,3,2,true,KEEP,Modified substat (safe)
10436159844,10436159844,Ring,ring,CriticalSet,Epic,90,15,EffectivenessPercent,65.0,69.6,42.6,27.0,69.6,3,5,true,true,BRUISER,3,2,false,KEEP,Modified substat (safe)
10436907042,10436907042,Armor,armor,CriticalSet,Epic,90,15,Defense,310.0,59.3998275862069,8.0,51.0,59.3998275862069,4,5,true,false,BRUISER,3,0,false,REVIEW,Broad role fit with borderline Gear Score
10442972532,10442972532,Ring,ring,SpeedSet,Epic,88,15,AttackPercent,65.0,71.74285714285715,62.74285714285715,45.0,71.74285714285715,4,5,true,false,BRUISER,4,1,true,KEEP,Exceptional Speed safety rule
10443995974,10443995974,Armor,armor,CriticalSet,Epic,85,15,Defense,300.0,56.08571428571429,31.085714285714285,33.0,56.08571428571429,3,5,true,false,BRUISER,4,0,false,DELETE_CANDIDATE,Low-quality spread with weak role signal
10444338599,10444338599,Armor,armor,CriticalSet,Epic,85,15,Defense,300.0,58.68571428571428,24.685714285714283,12.0,24.685714285714283,2,5,false,false,DPS,2,0,false,REVIEW,Broad role fit with borderline Gear Score
10444799634,10444799634,Weapon,weapon,SpeedSet,Epic,90,15,Attack,525.0,77.0,15.0,44.0,50.0,3,5,true,true,DEBUFFER,2,0,false,KEEP,Modified substat (safe)
10445525562,10445525562,Weapon,weapon,SpeedSet,Epic,85,15,Attack,500.0,53.714285714285715,19.714285714285715,29.0,42.714285714285715,3,5,true,true,BRUISER,3,0,false,KEEP,Modified substat (safe)
10450753196,10450753196,Armor,armor,SpeedSet,Epic,85,15,Defense,300.0,57.51428571428571,34.51428571428571,5.0,39.51428571428571,2,5,false,false,BRUISER,3,0,false,DELETE_CANDIDATE,Low-quality spread with weak role signal
10453722853,10453722853,Helmet,helm,HitSet,Epic,90,15,Health,2835.0,70.14285714285714,37.14285714285714,61.0,70.14285714285714,2,5,false,false,BRUISER,4,0,false,REVIEW,High Gear Score but incomplete role signal
10456875241,10456875241,Armor,armor,SpeedSet,Epic,90,15,Defense,310.0,72.4857142857143,59.48571428571429,22.0,59.48571428571429,2,5,false,false,DPS,3,0,false,REVIEW,High Gear Score but incomplete role signal
10457646518,10457646518,Helmet,helm,CriticalSet,Epic,85,15,Health,2700.0,53.527692307692305,42.6,0.0,45.527692307692305,3,5,true,true,DPS,2,0,false,KEEP,Modified substat (safe)
10460419314,10460419314,Weapon,weapon,PenetrationSet,Epic,88,15,Attack,515.0,74.6,74.6,34.0,74.6,3,5,true,false,DPS,4,0,false,KEEP,Exceptional Speed safety rule
10467414912,10467414912,Weapon,weapon,SpeedSet,Heroic,90,15,Attack,525.0,59.857142857142854,43.857142857142854,44.0,43.857142857142854,3,4,true,false,DPS,3,0,false,REVIEW,Broad role fit with borderline Gear Score
10474215837,10474215837,Ring,ring,SpeedSet,Epic,90,15,EffectivenessPercent,65.0,75.28571428571428,58.285714285714285,23.0,75.28571428571428,3,5,true,false,DEBUFFER,2,1,true,KEEP,Spike with coherent role fit
10474218768,10474218768,Ring,ring,SpeedSet,Epic,90,15,AttackPercent,65.0,63.97714285714286,28.857142857142858,22.0,32.97714285714286,3,5,true,false,DEBUFFER,2,1,false,KEEP,Spike with coherent role fit
10475751616,10475751616,Helmet,helm,PenetrationSet,Epic,88,15,Health,2765.0,58.37721611721612,53.14285714285714,22.0,58.37721611721612,2,5,false,true,DPS,3,0,false,KEEP,Modified substat (safe)
10478178151,10478178151,Ring,ring,SpeedSet,Epic,90,15,AttackPercent,65.0,61.159194139194135,56.457142857142856,32.0,61.159194139194135,4,5,true,true,DPS,3,0,true,KEEP,Modified substat (safe)
10483298697,10483298697,Necklace,neck,SpeedSet,Epic,88,15,CriticalHitDamagePercent,70.0,56.92615384615385,11.200000000000001,42.0,56.92615384615385,4,5,true,false,BRUISER,3,3,true,KEEP,Strong slot/main-stat role fit
10483451565,10483451565,Weapon,weapon,SpeedSet,Epic,90,15,Attack,525.0,74.4,39.4,18.0,39.4,3,5,true,false,DPS,3,0,false,REVIEW,High Gear Score but incomplete role signal
10483886631,10483886631,Armor,armor,PenetrationSet,Epic,88,15,Defense,310.0,71.6,63.6,30.0,71.6,2,5,false,false,BRUISER,4,0,false,REVIEW,High Gear Score but incomplete role signal
10483981672,10483981672,Boots,boot,PenetrationSet,Epic,88,15,Speed,45.0,59.308131868131866,56.114285714285714,0.0,59.308131868131866,3,5,true,true,DPS,3,1,true,KEEP,Modified substat (safe)
10492807808,10492807808,Armor,armor,CriticalSet,Epic,90,15,Defense,310.0,76.4857142857143,53.48571428571429,7.0,60.48571428571429,2,5,false,false,BRUISER,3,0,false,REVIEW,High Gear Score but incomplete role signal
10503538133,10503538133,Weapon,weapon,HitSet,Epic,90,15,Attack,525.0,75.14285714285714,75.14285714285714,26.0,75.14285714285714,2,5,false,false,DPS,4,0,false,REVIEW,High Gear Score but incomplete role signal
10503739949,10503739949,Weapon,weapon,SpeedSet,Epic,85,15,Attack,500.0,57.34285714285714,42.34285714285714,14.0,42.34285714285714,2,5,false,false,DPS,3,0,false,DELETE_CANDIDATE,Low-quality spread with weak role signal
10504586333,10504586333,Weapon,weapon,HitSet,Epic,85,15,Attack,500.0,57.62857142857143,46.62857142857143,19.0,57.62857142857143,2,5,false,true,BRUISER,4,0,false,KEEP,Modified substat (safe)
10507322267,10507322267,Ring,ring,PenetrationSet,Epic,88,15,AttackPercent,65.0,70.6,49.6,53.0,70.6,3,5,true,false,BRUISER,4,1,true,KEEP,Exceptional Speed safety rule
10517457769,10517457769,Weapon,weapon,DestructionSet,Epic,90,15,Attack,525.0,72.17142857142858,72.17142857142858,24.0,72.17142857142858,2,5,false,true,DPS,4,0,false,KEEP,Modified substat (safe)
10517480020,10517480020,Armor,armor,ResistSet,Epic,90,15,Defense,310.0,68.28571428571428,56.285714285714285,36.0,56.285714285714285,3,5,true,false,DPS,2,0,false,KEEP,Exceptional Speed safety rule
10518398876,10518398876,Necklace,neck,PenetrationSet,Epic,88,15,CriticalHitDamagePercent,70.0,70.6,56.6,40.0,70.6,2,5,false,false,BRUISER,3,2,true,KEEP,Strong slot/main-stat role fit
10522028040,10522028040,Armor,armor,SpeedSet,Epic,90,15,Defense,310.0,68.0,30.0,56.0,56.0,3,5,true,false,DEBUFFER,4,0,false,KEEP,Exceptional Speed safety rule
10524215265,10524215265,Weapon,weapon,SpeedSet,Epic,90,15,Attack,525.0,62.11568965517242,32.0,22.0,62.11568965517242,2,5,false,false,BRUISER,3,0,false,REVIEW,Broad role fit with borderline Gear Score
10524410603,10524410603,Armor,armor,CriticalSet,Epic,85,15,Defense,300.0,55.34285714285714,36.34285714285714,19.0,55.34285714285714,3,5,true,false,BRUISER,4,0,false,DELETE_CANDIDATE,Low-quality spread with weak role signal
10524495583,10524495583,Armor,armor,SpeedSet,Epic,90,15,Defense,310.0,73.74285714285713,50.74285714285715,9.0,50.74285714285715,4,5,true,false,DPS,2,0,false,REVIEW,High Gear Score but incomplete role signal
10524920984,10524920984,Helmet,helm,HitSet,Heroic,85,15,Health,2700.0,56.57142857142857,35.57142857142857,37.0,56.57142857142857,2,4,false,true,BRUISER,3,0,false,KEEP,Modified substat (safe)
10525208535,10525208535,Armor,armor,CriticalSet,Epic,90,15,Defense,310.0,67.85714285714286,54.857142857142854,7.0,61.857142857142854,5,5,true,false,BRUISER,3,0,false,REVIEW,High Gear Score but incomplete role signal
10529987001,10529987001,Weapon,weapon,HealthSet,Epic,88,15,Attack,515.0,62.0,20.0,56.0,50.0,3,5,true,false,SUPPORT,3,0,false,REVIEW,Broad role fit with borderline Gear Score
10530538083,10530538083,Helmet,helm,HealthSet,Epic,88,15,Health,2765.0,62.0,16.0,62.0,56.0,3,5,true,false,SUPPORT,4,0,false,REVIEW,Broad role fit with borderline Gear Score
10541516160,10541516160,Boots,boot,CriticalSet,Epic,88,15,Speed,45.0,65.97142857142858,26.97142857142857,39.0,65.97142857142858,2,5,false,false,BRUISER,4,2,true,KEEP,Strong slot/main-stat role fit
10543998301,10543998301,Helmet,helm,HitSet,Heroic,90,15,Health,2835.0,66.0,26.0,66.0,52.0,2,4,false,false,SUPPORT,4,0,false,REVIEW,High Gear Score but incomplete role signal
10544157470,10544157470,Weapon,weapon,LifestealSet,Heroic,90,15,Attack,525.0,56.285714285714285,51.285714285714285,20.0,51.285714285714285,2,4,false,false,DPS,3,0,false,DELETE_CANDIDATE,Low-quality spread with weak role signal
10544160307,10544160307,Helmet,helm,CounterSet,Epic,90,15,Health,2835.0,71.85714285714286,48.85714285714286,16.0,48.85714285714286,2,5,false,false,DPS,3,0,false,REVIEW,High Gear Score but incomplete role signal
10545566072,10545566072,Boots,boot,CounterSet,Heroic,90,15,AttackPercent,65.0,56.67333333333333,25.6,23.0,33.67333333333333,2,4,false,true,DPS,2,0,true,KEEP,Modified substat (safe)
10546805461,10546805461,Armor,armor,HealthSet,Epic,88,15,Defense,310.0,61.0,16.0,61.0,55.0,3,5,true,false,SUPPORT,4,0,false,REVIEW,Broad role fit with borderline Gear Score
10547911333,10547911333,Armor,armor,HitSet,Epic,85,15,Defense,300.0,60.57142857142857,20.57142857142857,56.0,34.57142857142857,3,5,true,false,SUPPORT,3,0,false,REVIEW,Broad role fit with borderline Gear Score
10551727374,10551727374,Helmet,helm,SpeedSet,Epic,90,15,Health,2835.0,58.231208791208786,36.71428571428571,13.0,58.231208791208786,3,5,true,false,BRUISER,2,0,false,REVIEW,Broad role fit with borderline Gear Score
10560948755,10560948755,Weapon,weapon,DestructionSet,Epic,90,15,Attack,525.0,69.57142857142857,60.57142857142857,16.0,60.57142857142857,3,5,true,true,DPS,3,0,false,KEEP,Modified substat (safe)
10560978107,10560978107,Boots,boot,HealthSet,Epic,88,15,Speed,45.0,61.0,0.0,55.0,49.0,3,5,true,false,BRUISER,2,2,true,KEEP,Strong slot/main-stat role fit
10561110807,10561110807,Boots,boot,SpeedSet,Epic,90,15,Speed,45.0,70.6,40.6,30.0,58.6,2,5,false,false,BRUISER,2,1,true,REVIEW,High Gear Score but incomplete role signal
10561112130,10561112130,Boots,boot,SpeedSet,Epic,90,15,Speed,45.0,66.47165024630542,41.14285714285714,0.0,49.471650246305416,2,5,false,false,DPS,2,1,true,REVIEW,High Gear Score but incomplete role signal
10561136522,10561136522,Necklace,neck,AttackSet,Epic,88,15,CriticalHitDamagePercent,70.0,57.8,25.8,32.0,43.8,2,5,false,true,BRUISER,2,2,true,KEEP,Modified substat (safe)
10573785976,10573785976,Helmet,helm,HitSet,Epic,90,15,Health,2835.0,71.0,26.0,54.0,26.0,4,5,true,false,SUPPORT,2,0,false,REVIEW,High Gear Score but incomplete role signal
10577171916,10577171916,Ring,ring,HealthSet,Epic,88,15,HealthPercent,65.0,61.0,24.0,55.0,49.0,3,5,true,false,SUPPORT,3,2,true,KEEP,Strong slot/main-stat role fit
10577624996,10577624996,Ring,ring,CriticalSet,Epic,88,15,AttackPercent,65.0,61.97142857142857,42.971428571428575,35.0,61.97142857142857,2,5,false,false,BRUISER,4,1,true,REVIEW,One core stat with preferred main stat
10577644750,10577644750,Necklace,neck,HealthSet,Epic,88,15,HealthPercent,65.0,61.0,24.0,55.0,49.0,3,5,true,false,SUPPORT,3,1,true,KEEP,Spike with coherent role fit
10582826461,10582826461,Necklace,neck,CounterSet,Epic,90,15,CriticalHitDamagePercent,70.0,69.07741935483871,30.200000000000003,26.0,69.07741935483871,2,5,false,true,BRUISER,2,2,true,KEEP,Modified substat (safe)
10583024863,10583024863,Ring,ring,PenetrationSet,Heroic,90,15,EffectivenessPercent,65.0,62.857142857142854,46.857142857142854,40.0,62.857142857142854,2,4,false,false,BRUISER,4,1,false,REVIEW,Broad role fit with borderline Gear Score
10583362953,10583362953,Boots,boot,SpeedSet,Epic,85,15,AttackPercent,60.0,54.05490147783251,22.857142857142854,25.0,54.05490147783251,3,5,true,false,BRUISER,3,1,false,DELETE_CANDIDATE,Low-quality spread with weak role signal
10590259411,10590259411,Helmet,helm,SpeedSet,Epic,90,15,Health,2835.0,74.0,22.0,74.0,65.0,2,5,false,true,SUPPORT,4,0,false,KEEP,Modified substat (safe)
10595800491,10595800491,Weapon,weapon,CriticalSet,Epic,90,15,Attack,525.0,78.6,51.6,44.0,69.6,2,5,false,false,BRUISER,3,0,false,REVIEW,High Gear Score but incomplete role signal
10595810865,10595810865,Ring,ring,SpeedSet,Epic,90,15,EffectivenessPercent,65.0,70.0,48.0,64.0,70.0,4,5,true,true,BRUISER,3,2,false,KEEP,Modified substat (safe)
10596436784,10596436784,Armor,armor,SpeedSet,Heroic,90,15,Defense,310.0,58.64896551724138,37.6,20.0,41.64896551724138,2,4,false,false,DPS,2,0,false,REVIEW,Broad role fit with borderline Gear Score
10597758157,10597758157,Weapon,weapon,CounterSet,Heroic,90,15,Attack,525.0,64.0,49.0,22.0,49.0,2,4,false,false,DPS,3,0,false,REVIEW,Broad role fit with borderline Gear Score
10608738799,10608738799,Weapon,weapon,SpeedSet,Epic,88,15,Attack,515.0,67.0,59.0,32.0,67.0,3,5,true,false,DPS,3,0,false,REVIEW,High Gear Score but incomplete role signal
10608795373,10608795373,Weapon,weapon,SpeedSet,Epic,88,15,Attack,515.0,76.2,76.2,10.0,76.2,2,5,false,false,DPS,4,0,false,REVIEW,High Gear Score but incomplete role signal
10608998708,10608998708,Weapon,weapon,HitSet,Epic,90,15,Attack,525.0,70.85714285714286,70.85714285714286,24.0,70.85714285714286,2,5,false,false,DPS,4,0,false,REVIEW,High Gear Score but incomplete role signal
10610441866,10610441866,Helmet,helm,SpeedSet,Epic,88,15,Health,2765.0,72.85714285714286,72.85714285714286,18.0,72.85714285714286,2,5,false,false,DPS,4,0,false,REVIEW,High Gear Score but incomplete role signal
10612881868,10612881868,Armor,armor,CriticalSet,Heroic,85,15,Defense,300.0,56.0,14.0,41.0,22.0,2,4,false,true,SUPPORT,3,0,false,KEEP,Modified substat (safe)
10631057089,10631057089,Helmet,helm,DestructionSet,Epic,90,15,Health,2835.0,65.14285714285714,49.14285714285714,22.0,49.14285714285714,3,5,true,true,DPS,3,0,false,KEEP,Modified substat (safe)
10632159120,10632159120,Armor,armor,SpeedSet,Epic,88,15,Defense,310.0,66.71428571428571,47.71428571428571,29.0,66.71428571428571,2,5,false,false,BRUISER,4,0,false,REVIEW,High Gear Score but incomplete role signal
10640395896,10640395896,Boots,boot,SpeedSet,Epic,88,15,Speed,45.0,72.6,55.6,17.0,72.6,2,5,false,false,BRUISER,3,1,true,REVIEW,High Gear Score but incomplete role signal
10647164551,10647164551,Necklace,neck,CriticalSet,Epic,88,15,CriticalHitDamagePercent,70.0,67.4,38.4,53.0,67.4,2,5,false,false,BRUISER,4,3,true,KEEP,Strong slot/main-stat role fit
10652089479,10652089479,Armor,armor,SpeedSet,Epic,90,15,Defense,310.0,65.71428571428572,43.714285714285715,52.0,65.71428571428572,3,5,true,false,BRUISER,4,0,false,KEEP,Exceptional Speed safety rule
10652096436,10652096436,Armor,armor,CriticalSet,Epic,90,15,Defense,310.0,72.71428571428572,37.714285714285715,41.0,37.714285714285715,3,5,true,false,DEBUFFER,2,0,false,KEEP,Exceptional Speed safety rule
10653082884,10653082884,Helmet,helm,LifestealSet,Epic,90,15,Health,2835.0,60.99230769230769,26.0,41.0,44.99230769230769,3,5,true,false,DEBUFFER,3,0,false,REVIEW,Broad role fit with borderline Gear Score
10653232360,10653232360,Necklace,neck,CriticalSet,Epic,85,15,CriticalHitDamagePercent,65.0,50.2,34.2,24.0,50.2,3,5,true,true,BRUISER,3,2,true,KEEP,Modified substat (safe)
10663006046,10663006046,Ring,ring,SpeedSet,Epic,88,15,AttackPercent,65.0,68.85714285714286,48.857142857142854,30.0,68.85714285714286,2,5,false,false,BRUISER,4,1,true,REVIEW,High Gear Score but incomplete role signal
10665676055,10665676055,Ring,ring,SpeedSet,Epic,90,15,EffectivenessPercent,65.0,62.884827586206896,8.0,47.0,62.884827586206896,3,5,true,false,BRUISER,2,2,false,KEEP,Spike with coherent role fit
10672957321,10672957321,Necklace,neck,SpeedSet,Epic,88,15,CriticalHitDamagePercent,70.0,75.2,45.2,40.0,75.2,3,5,true,false,BRUISER,3,2,true,KEEP,Strong slot/main-stat role fit
10679212901,10679212901,Helmet,helm,CounterSet,Epic,90,15,Health,2835.0,70.82857142857142,57.82857142857142,13.0,70.82857142857142,3,5,true,true,BRUISER,3,0,false,KEEP,Modified substat (safe)
10698286121,10698286121,Helmet,helm,SpeedSet,Epic,90,15,Health,2835.0,74.4,66.4,28.0,66.4,3,5,true,true,DPS,3,0,false,KEEP,Modified substat (safe)
10715766472,10715766472,Helmet,helm,SpeedSet,Heroic,90,15,Health,2835.0,64.0,24.0,48.0,64.0,3,4,true,false,BRUISER,4,0,false,REVIEW,Broad role fit with borderline Gear Score
10715766476,10715766476,Helmet,helm,SpeedSet,Epic,85,15,Health,2700.0,53.79230769230769,28.8,8.0,40.792307692307695,3,5,true,false,BRUISER,2,0,false,DELETE_CANDIDATE,Low-quality spread with weak role signal
10715769894,10715769894,Weapon,weapon,SpeedSet,Epic,85,15,Attack,500.0,51.714285714285715,41.714285714285715,12.0,41.714285714285715,3,5,true,true,DPS,3,0,false,KEEP,Modified substat (safe)
10715769898,10715769898,Weapon,weapon,CriticalSet,Epic,90,15,Attack,525.0,68.25714285714285,68.25714285714285,8.0,68.25714285714285,3,5,true,true,DPS,4,0,false,KEEP,Modified substat (safe)
10715812953,10715812953,Necklace,neck,SpeedSet,Epic,90,15,CriticalHitChancePercent,60.0,69.0,16.0,54.0,45.0,3,5,true,false,BRUISER,2,1,true,KEEP,Spike with coherent role fit
10721823759,10721823759,Boots,boot,LifestealSet,Epic,90,15,AttackPercent,65.0,73.28571428571428,44.285714285714285,55.0,73.28571428571428,2,5,false,true,BRUISER,4,3,false,KEEP,Modified substat (safe)
10725787546,10725787546,Ring,ring,CriticalSet,Heroic,85,15,HealthPercent,60.0,51.8,12.8,47.0,27.8,3,4,true,true,SUPPORT,3,2,true,KEEP,Modified substat (safe)
10756305575,10756305575,Armor,armor,DestructionSet,Epic,90,15,Defense,310.0,69.11428571428571,44.114285714285714,33.0,44.114285714285714,2,5,false,true,DPS,3,0,false,KEEP,Modified substat (safe)
10758465122,10758465122,Weapon,weapon,ResistSet,Epic,88,15,Attack,515.0,67.0,16.0,52.0,30.0,2,5,false,false,SUPPORT,3,0,false,REVIEW,High Gear Score but incomplete role signal
10761128002,10761128002,Helmet,helm,ResistSet,Epic,88,15,Health,2765.0,63.0,10.0,63.0,44.0,2,5,false,false,SUPPORT,4,0,false,REVIEW,Broad role fit with borderline Gear Score
10764572007,10764572007,Ring,ring,CounterSet,Heroic,90,15,AttackPercent,65.0,58.857142857142854,30.857142857142854,36.0,50.857142857142854,2,4,false,false,SUPPORT,3,2,false,REVIEW,Multiple slot-preferred stats but incomplete main-stat fit
10780801030,10780801030,Weapon,weapon,CriticalSet,Epic,90,15,Attack,525.0,71.0,23.0,41.0,55.0,3,5,true,false,SUPPORT,2,0,false,REVIEW,High Gear Score but incomplete role signal
10780919836,10780919836,Weapon,weapon,HitSet,Epic,90,15,Attack,525.0,74.4,34.4,40.0,50.4,2,5,false,false,SUPPORT,2,0,false,REVIEW,High Gear Score but incomplete role signal
10787451482,10787451482,Ring,ring,PenetrationSet,Epic,90,15,AttackPercent,65.0,67.08102564102563,24.0,15.0,28.08102564102564,2,5,false,true,DEBUFFER,1,1,false,KEEP,Modified substat (safe)
10787454203,10787454203,Ring,ring,TorrentSet,Epic,90,15,HealthPercent,65.0,63.0,8.0,27.0,21.0,4,5,true,true,SUPPORT,3,2,true,KEEP,Modified substat (safe)
10787455259,10787455259,Necklace,neck,TorrentSet,Epic,90,15,CriticalHitDamagePercent,70.0,68.0,37.0,31.0,52.0,2,5,false,true,BRUISER,2,2,true,KEEP,Modified substat (safe)
10787456133,10787456133,Ring,ring,PenetrationSet,Epic,90,15,AttackPercent,65.0,65.78921658986175,29.02857142857143,30.0,65.78921658986175,3,5,true,true,BRUISER,3,1,true,KEEP,Modified substat (safe)
10787456135,10787456135,Ring,ring,PenetrationSet,Epic,90,15,HealthPercent,65.0,67.57142857142857,34.57142857142857,55.0,49.57142857142857,2,5,false,true,SUPPORT,3,2,true,KEEP,Modified substat (safe)
10787480383,10787480383,Boots,boot,PenetrationSet,Epic,90,15,Speed,45.0,63.57142857142857,12.571428571428571,28.0,40.57142857142857,2,5,false,true,BRUISER,3,2,true,KEEP,Modified substat (safe)
10787482499,10787482499,Boots,boot,TorrentSet,Epic,90,15,Speed,45.0,60.49567765567765,31.542857142857144,0.0,44.49567765567765,2,5,false,false,DPS,2,0,true,REVIEW,Broad role fit with borderline Gear Score
10787482500,10787482500,Boots,boot,TorrentSet,Epic,90,15,Speed,45.0,66.75897435897436,15.0,35.0,59.758974358974356,3,5,true,false,BRUISER,1,1,true,KEEP,Spike with coherent role fit
10787483071,10787483071,Boots,boot,PenetrationSet,Epic,90,15,AttackPercent,65.0,58.55068965517242,28.8,24.0,41.55068965517241,2,5,false,true,DPS,2,1,true,KEEP,Modified substat (safe)
10787483289,10787483289,Boots,boot,PenetrationSet,Epic,90,15,Speed,45.0,69.85714285714286,31.857142857142854,14.0,31.857142857142854,2,5,false,false,DPS,2,1,true,REVIEW,High Gear Score but incomplete role signal
10787483291,10787483291,Boots,boot,PenetrationSet,Epic,90,15,AttackPercent,65.0,62.053772893772894,21.714285714285715,32.0,62.053772893772894,3,5,true,true,BRUISER,3,1,false,KEEP,Modified substat (safe)
10787483293,10787483293,Boots,boot,PenetrationSet,Epic,90,15,AttackPercent,65.0,62.07333333333334,18.0,54.0,55.07333333333334,3,5,true,true,BRUISER,2,2,false,KEEP,Modified substat (safe)
10788006658,10788006658,Armor,armor,ResistSet,Epic,88,15,Defense,310.0,71.0,18.0,71.0,47.0,2,5,false,false,SUPPORT,4,0,false,REVIEW,High Gear Score but incomplete role signal
10789483601,10789483601,Weapon,weapon,HitSet,Epic,85,15,Attack,500.0,59.035147783251226,35.71428571428571,0.0,39.03514778325123,2,5,false,false,DPS,2,0,false,REVIEW,Broad role fit with borderline Gear Score
10789595536,10789595536,Necklace,neck,HealthSet,Epic,90,15,HealthPercent,65.0,58.27551724137931,0.0,31.0,21.275517241379312,2,5,false,true,DEBUFFER,2,1,true,KEEP,Modified substat (safe)
10789603714,10789603714,Necklace,neck,RageSet,Epic,88,15,CriticalHitDamagePercent,70.0,57.571282051282054,54.2,16.0,57.571282051282054,2,5,false,true,DPS,3,2,true,KEEP,Modified substat (safe)
10789610256,10789610256,Ring,ring,SpeedSet,Epic,90,15,AttackPercent,65.0,62.2,27.200000000000003,18.0,27.200000000000003,2,5,false,false,SUPPORT,1,1,false,REVIEW,Borderline statistical quality
10789616373,10789616373,Boots,boot,SpeedSet,Epic,90,15,Speed,45.0,58.27032967032967,50.285714285714285,0.0,58.27032967032967,3,5,true,true,DPS,3,1,true,KEEP,Modified substat (safe)
10789617009,10789617009,Boots,boot,SpeedSet,Epic,90,15,Speed,45.0,55.38908424908425,27.428571428571427,14.0,50.38908424908425,3,5,true,false,BRUISER,2,1,true,KEEP,Spike with coherent role fit
10796031932,10796031932,Necklace,neck,SpeedSet,Epic,85,15,CriticalHitDamagePercent,65.0,58.8,39.8,33.0,58.8,2,5,false,false,BRUISER,3,2,true,KEEP,Strong slot/main-stat role fit
10796052949,10796052949,Boots,boot,SpeedSet,Epic,90,15,Speed,45.0,68.31428571428572,50.31428571428572,18.0,68.31428571428572,2,5,false,true,DPS,3,1,true,KEEP,Modified substat (safe)
10796062598,10796062598,Ring,ring,SpeedSet,Epic,90,15,AttackPercent,65.0,60.89135531135531,34.285714285714285,34.0,60.89135531135531,2,5,false,true,BRUISER,3,1,true,KEEP,Modified substat (safe)
10796063564,10796063564,Ring,ring,SpeedSet,Epic,85,15,DefensePercent,60.0,59.857142857142854,38.857142857142854,29.0,38.857142857142854,3,5,true,false,SUPPORT,2,1,true,KEEP,Spike with coherent role fit
10796064068,10796064068,Ring,ring,SpeedSet,Epic,90,15,EffectivenessPercent,65.0,71.6,45.6,46.0,63.6,2,5,false,false,SUPPORT,3,2,false,KEEP,Strong slot role fit with high Gear Score
10796078964,10796078964,Armor,armor,SpeedSet,Epic,90,15,Defense,310.0,69.0,4.0,69.0,55.0,3,5,true,true,SUPPORT,4,0,false,KEEP,Modified substat (safe)
10796086825,10796086825,Necklace,neck,SpeedSet,Epic,90,15,CriticalHitDamagePercent,70.0,66.0,32.0,50.0,53.0,2,5,false,false,BRUISER,3,2,true,KEEP,Strong slot/main-stat role fit
10796087584,10796087584,Necklace,neck,SpeedSet,Epic,90,15,CriticalHitDamagePercent,70.0,61.6,46.6,16.0,46.6,2,5,false,true,DPS,3,2,true,KEEP,Modified substat (safe)
10796087872,10796087872,Necklace,neck,SpeedSet,Epic,90,15,CriticalHitDamagePercent,70.0,68.19935483870968,22.0,55.0,49.19935483870968,2,5,false,false,BRUISER,2,1,true,REVIEW,High Gear Score but incomplete role signal
10796087996,10796087996,Necklace,neck,SpeedSet,Epic,90,15,CriticalHitDamagePercent,70.0,61.02820512820513,25.6,6.0,34.02820512820513,2,5,false,false,DPS,1,1,true,REVIEW,One core stat with preferred main stat
10796092358,10796092358,Necklace,neck,SpeedSet,Epic,90,15,CriticalHitDamagePercent,70.0,68.0,30.0,54.0,68.0,2,5,false,false,BRUISER,3,2,true,KEEP,Strong slot/main-stat role fit
10796092509,10796092509,Necklace,neck,SpeedSet,Epic,90,15,CriticalHitDamagePercent,70.0,68.6,60.6,22.0,60.6,3,5,true,true,DPS,3,2,true,KEEP,Modified substat (safe)
10796092634,10796092634,Necklace,neck,SpeedSet,Epic,90,15,CriticalHitDamagePercent,70.0,73.0,52.0,52.0,52.0,3,5,true,true,DPS,2,1,true,KEEP,Modified substat (safe)
10796092721,10796092721,Necklace,neck,SpeedSet,Epic,90,15,CriticalHitDamagePercent,70.0,74.6,34.6,40.0,42.6,3,5,true,false,DPS,2,2,true,KEEP,Strong slot/main-stat role fit
10796103213,10796103213,Ring,ring,SpeedSet,Epic,90,15,AttackPercent,65.0,56.07435897435897,32.0,29.0,56.07435897435897,3,5,true,false,BRUISER,3,1,true,KEEP,Spike with coherent role fit
10796103344,10796103344,Ring,ring,SpeedSet,Epic,90,15,AttackPercent,65.0,65.42857142857143,35.42857142857143,24.0,43.42857142857143,2,5,false,false,BRUISER,3,1,true,REVIEW,One core stat with preferred main stat
10796104039,10796104039,Ring,ring,SpeedSet,Epic,90,15,AttackPercent,65.0,65.0,16.0,65.0,52.0,2,5,false,true,SUPPORT,4,3,false,KEEP,Modified substat (safe)
10796104557,10796104557,Boots,boot,SpeedSet,Epic,90,15,Speed,45.0,64.4,30.400000000000002,34.0,49.400000000000006,2,5,false,false,BRUISER,2,1,true,REVIEW,One core stat with preferred main stat
10796104870,10796104870,Boots,boot,SpeedSet,Epic,90,15,Speed,45.0,69.0,15.0,45.0,60.0,3,5,true,true,BRUISER,2,2,true,KEEP,Modified substat (safe)
10796105290,10796105290,Boots,boot,SpeedSet,Epic,90,15,Speed,45.0,68.0,13.0,48.0,19.0,4,5,true,true,SUPPORT,2,1,true,KEEP,Modified substat (safe)
10796105378,10796105378,Boots,boot,SpeedSet,Epic,90,15,Speed,45.0,70.0,8.0,38.0,46.0,2,5,false,true,BRUISER,3,2,true,KEEP,Modified substat (safe)
10796105562,10796105562,Boots,boot,SpeedSet,Epic,90,15,Speed,45.0,65.51406593406594,60.457142857142856,0.0,65.51406593406594,2,5,false,true,DPS,3,1,true,KEEP,Modified substat (safe)
10799116917,10799116917,Boots,boot,LifestealSet,Epic,90,15,Speed,45.0,70.0,51.0,19.0,56.0,4,5,true,false,DPS,2,1,true,KEEP,Spike with coherent role fit
10801946145,10801946145,Helmet,helm,HitSet,Epic,85,15,Health,2700.0,55.78,29.8,16.0,55.78,3,5,true,false,DPS,2,0,false,DELETE_CANDIDATE,Low-quality spread with weak role signal
10806159975,10806159975,Boots,boot,ResistSet,Epic,88,15,Speed,45.0,69.0,0.0,61.0,47.0,2,5,false,false,BRUISER,2,2,true,KEEP,Strong slot/main-stat role fit
10811045289,10811045289,Ring,ring,ResistSet,Epic,88,15,EffectResistancePercent,65.0,65.0,30.0,58.0,58.0,3,5,true,false,SUPPORT,3,2,true,KEEP,Exceptional Speed safety rule
10813476887,10813476887,Helmet,helm,HitSet,Epic,85,15,Health,2700.0,57.57142857142857,17.57142857142857,26.0,43.57142857142857,3,5,true,false,DEBUFFER,2,0,false,DELETE_CANDIDATE,Low-quality spread with weak role signal
10822640441,10822640441,Helmet,helm,DestructionSet,Epic,90,15,Health,2835.0,66.0,61.0,17.0,66.0,4,5,true,false,DPS,3,0,false,REVIEW,High Gear Score but incomplete role signal
10823067210,10823067210,Necklace,neck,ResistSet,Epic,88,15,HealthPercent,65.0,69.0,18.0,57.0,41.0,2,5,false,false,SUPPORT,3,1,true,REVIEW,High Gear Score but incomplete role signal
10828447574,10828447574,Armor,armor,SpeedSet,Epic,90,15,Defense,310.0,59.0687684729064,45.714285714285715,16.0,59.0687684729064,2,5,false,false,DPS,3,0,false,REVIEW,Broad role fit with borderline Gear Score
10828481288,10828481288,Boots,boot,PenetrationSet,Epic,88,15,AttackPercent,65.0,61.0,30.0,45.0,30.0,4,5,true,true,DPS,3,1,true,KEEP,Modified substat (safe)
10828481354,10828481354,Necklace,neck,PenetrationSet,Epic,88,15,CriticalHitDamagePercent,70.0,57.0,14.0,43.0,32.0,3,5,true,false,BRUISER,2,2,true,KEEP,Strong slot/main-stat role fit
10828487853,10828487853,Necklace,neck,HealthSet,Epic,88,15,HealthPercent,65.0,68.4,61.4,32.0,61.4,3,5,true,true,DPS,3,2,false,KEEP,Modified substat (safe)
10828487918,10828487918,Ring,ring,HealthSet,Epic,88,15,HealthPercent,65.0,62.0,37.0,49.0,51.0,2,5,false,true,SUPPORT,3,2,true,KEEP,Modified substat (safe)
10830790652,10830790652,Weapon,weapon,LifestealSet,Epic,88,15,Attack,515.0,72.0,40.0,42.0,72.0,3,5,true,false,BRUISER,3,0,false,REVIEW,High Gear Score but incomplete role signal
10830858664,10830858664,Helmet,helm,LifestealSet,Epic,88,15,Health,2765.0,68.4,52.4,40.0,68.4,2,5,false,false,BRUISER,3,0,false,REVIEW,High Gear Score but incomplete role signal
10830881211,10830881211,Armor,armor,LifestealSet,Epic,88,15,Defense,310.0,76.8,44.8,33.0,61.8,2,5,false,false,BRUISER,3,0,false,REVIEW,High Gear Score but incomplete role signal
10830935398,10830935398,Boots,boot,LifestealSet,Epic,88,15,AttackPercent,65.0,69.6,25.6,46.0,55.6,3,5,true,false,BRUISER,3,2,false,KEEP,Strong slot role fit with high Gear Score
10830949314,10830949314,Necklace,neck,LifestealSet,Epic,88,15,AttackPercent,65.0,73.6,43.6,43.0,52.6,3,5,true,false,BRUISER,3,2,false,KEEP,Exceptional Speed safety rule
10830993245,10830993245,Ring,ring,LifestealSet,Epic,88,15,AttackPercent,65.0,74.0,48.0,25.0,57.0,3,5,true,false,DEBUFFER,3,2,false,KEEP,Strong slot role fit with high Gear Score
10831124021,10831124021,Armor,armor,PenetrationSet,Heroic,90,15,Defense,310.0,62.0,22.0,62.0,53.0,2,4,false,true,SUPPORT,4,0,false,KEEP,Modified substat (safe)
10831408055,10831408055,Ring,ring,SpeedSet,Epic,88,15,HealthPercent,65.0,56.25774193548387,4.0,24.0,40.25774193548387,2,5,false,false,DEBUFFER,3,1,true,REVIEW,One core stat with preferred main stat
10831412865,10831412865,Helmet,helm,SpeedSet,Epic,90,15,Health,2835.0,60.0,27.0,51.0,60.0,3,5,true,true,BRUISER,3,0,false,KEEP,Modified substat (safe)
10831413379,10831413379,Helmet,helm,SpeedSet,Epic,90,15,Health,2835.0,68.0,22.0,53.0,29.0,2,5,false,false,SUPPORT,3,0,false,REVIEW,High Gear Score but incomplete role signal
10831414168,10831414168,Helmet,helm,SpeedSet,Epic,90,15,Health,2835.0,70.0,18.0,26.0,38.0,2,5,false,true,DEBUFFER,2,0,false,KEEP,Modified substat (safe)
10831414852,10831414852,Necklace,neck,SpeedSet,Epic,90,15,HealthPercent,65.0,62.0,8.0,32.0,20.0,2,5,false,true,BRUISER,2,2,true,KEEP,Modified substat (safe)
10831416830,10831416830,Necklace,neck,SpeedSet,Epic,90,15,HealthPercent,65.0,65.14285714285714,56.14285714285714,29.0,65.14285714285714,2,5,false,false,BRUISER,3,2,true,KEEP,Strong slot/main-stat role fit
10831416917,10831416917,Necklace,neck,SpeedSet,Epic,90,15,HealthPercent,65.0,59.42857142857143,31.428571428571427,40.0,59.42857142857143,3,5,true,true,BRUISER,4,3,true,KEEP,Modified substat (safe)
10831417306,10831417306,Ring,ring,SpeedSet,Epic,90,15,HealthPercent,65.0,75.14285714285714,39.14285714285714,22.0,47.14285714285714,2,5,false,true,DEBUFFER,3,1,true,KEEP,Modified substat (safe)
10831436618,10831436618,Armor,armor,PenetrationSet,Epic,88,15,Defense,310.0,65.28571428571428,58.285714285714285,23.0,58.285714285714285,4,5,true,true,DPS,3,0,false,KEEP,Modified substat (safe)
10831436697,10831436697,Weapon,weapon,PenetrationSet,Epic,88,15,Attack,515.0,63.0,42.0,57.0,56.0,4,5,true,true,SUPPORT,3,0,false,KEEP,Modified substat (safe)
10831437716,10831437716,Helmet,helm,HealthSet,Epic,88,15,Health,2765.0,68.0,10.0,68.0,61.0,4,5,true,false,SUPPORT,4,0,false,REVIEW,High Gear Score but incomplete role signal
10831438136,10831438136,Weapon,weapon,HealthSet,Epic,88,15,Attack,515.0,63.0,23.0,56.0,30.0,4,5,true,false,SUPPORT,3,0,false,REVIEW,Broad role fit with borderline Gear Score
10831438214,10831438214,Armor,armor,HealthSet,Epic,88,15,Defense,310.0,62.0,8.0,35.0,35.0,3,5,true,true,DEBUFFER,4,0,false,KEEP,Modified substat (safe)
10844070986,10844070986,Weapon,weapon,InjurySet,Epic,85,15,Attack,500.0,54.057142857142864,34.05714285714286,10.0,44.05714285714286,3,5,true,false,BRUISER,3,0,false,DELETE_CANDIDATE,Low-quality spread with weak role signal
10846651671,10846651671,Helmet,helm,CounterSet,Epic,90,15,Health,2835.0,76.85714285714286,60.857142857142854,28.0,60.857142857142854,2,5,false,false,DPS,3,0,false,REVIEW,High Gear Score but incomplete role signal
10855149060,10855149060,Necklace,neck,ResistSet,Epic,85,15,AttackPercent,60.0,52.106153846153845,24.0,30.0,52.106153846153845,3,5,true,false,BRUISER,3,2,false,REVIEW,Multiple slot-preferred stats but incomplete main-stat fit
10859535775,10859535775,Weapon,weapon,InjurySet,Epic,88,15,Attack,515.0,68.4,41.400000000000006,37.0,68.4,3,5,true,false,BRUISER,3,0,false,REVIEW,High Gear Score but incomplete role signal
10859536006,10859536006,Armor,armor,InjurySet,Epic,88,15,Defense,310.0,77.2,35.2,58.0,77.2,2,5,false,false,BRUISER,4,0,false,REVIEW,High Gear Score but incomplete role signal
10863636504,10863636504,Necklace,neck,DefenseSet,Epic,88,15,HealthPercent,65.0,75.0,24.0,51.0,33.0,2,5,false,false,DEBUFFER,3,1,true,REVIEW,High Gear Score but incomplete role signal
10864991188,10864991188,Armor,armor,CriticalSet,Epic,85,15,Defense,300.0,58.22857142857143,46.22857142857143,14.0,46.22857142857143,2,5,false,false,DPS,3,0,false,REVIEW,Broad role fit with borderline Gear Score
10874205569,10874205569,Armor,armor,DestructionSet,Epic,90,15,Defense,310.0,72.4,14.4,41.0,30.4,2,5,false,false,SUPPORT,2,0,false,REVIEW,High Gear Score but incomplete role signal
10879129609,10879129609,Necklace,neck,DestructionSet,Heroic,90,15,CriticalHitDamagePercent,70.0,58.6,35.6,33.0,58.6,2,4,false,true,BRUISER,3,2,true,KEEP,Modified substat (safe)
10879196643,10879196643,Boots,boot,DefenseSet,Epic,88,15,HealthPercent,65.0,76.0,26.0,67.0,42.0,2,5,false,false,BRUISER,2,2,true,KEEP,Strong slot/main-stat role fit
10879513824,10879513824,Boots,boot,RageSet,Heroic,90,15,HealthPercent,65.0,59.97142857142857,40.97142857142857,19.0,59.97142857142857,2,4,false,true,BRUISER,3,1,true,KEEP,Modified substat (safe)
10879514624,10879514624,Boots,boot,UnitySet,Heroic,90,15,AttackPercent,65.0,64.675960591133,44.34285714285714,0.0,48.675960591133006,3,4,true,false,DPS,2,0,true,REVIEW,Broad role fit with borderline Gear Score
10879635436,10879635436,Necklace,neck,CounterSet,Epic,85,15,CriticalHitDamagePercent,65.0,56.0,6.0,32.0,32.0,3,5,true,true,BRUISER,3,2,true,KEEP,Modified substat (safe)
10879637660,10879637660,Necklace,neck,CounterSet,Epic,90,15,HealthPercent,65.0,70.0,41.0,21.0,41.0,3,5,true,false,DPS,2,2,false,KEEP,Strong slot role fit with high Gear Score
10883492130,10883492130,Ring,ring,AttackSet,Epic,88,15,AttackPercent,65.0,64.85714285714286,30.857142857142854,34.0,64.85714285714286,2,5,false,false,BRUISER,4,2,true,KEEP,Strong slot/main-stat role fit
10883495356,10883495356,Weapon,weapon,TorrentSet,Epic,90,15,Attack,525.0,74.34285714285714,74.34285714285714,32.0,74.34285714285714,3,5,true,true,DPS,4,0,false,KEEP,Modified substat (safe)
10883495810,10883495810,Armor,armor,TorrentSet,Epic,90,15,Defense,310.0,74.05714285714286,42.05714285714286,32.0,57.05714285714286,2,5,false,false,BRUISER,3,0,false,REVIEW,High Gear Score but incomplete role signal
10912593180,10912593180,Weapon,weapon,CounterSet,Epic,90,15,Attack,525.0,65.4,44.4,27.0,44.4,2,5,false,true,DPS,3,0,false,KEEP,Modified substat (safe)
10913232912,10913232912,Helmet,helm,HitSet,Epic,85,15,Health,2700.0,57.0,0.0,45.0,29.0,2,5,false,false,SUPPORT,3,0,false,DELETE_CANDIDATE,Low-quality spread with weak role signal
10914955171,10914955171,Ring,ring,DestructionSet,Epic,90,15,AttackPercent,65.0,66.34285714285714,36.34285714285714,30.0,66.34285714285714,2,5,false,true,BRUISER,4,2,true,KEEP,Modified substat (safe)
10915405249,10915405249,Helmet,helm,ResistSet,Heroic,90,15,Health,2835.0,68.14285714285714,34.14285714285714,34.0,68.14285714285714,3,4,true,false,BRUISER,3,0,false,REVIEW,High Gear Score but incomplete role signal
10915405251,10915405251,Helmet,helm,LifestealSet,Heroic,90,15,Health,2835.0,63.857142857142854,48.857142857142854,40.0,54.857142857142854,3,4,true,false,BRUISER,3,0,false,KEEP,Exceptional Speed safety rule
10917947107,10917947107,Ring,ring,SpeedSet,Epic,90,15,AttackPercent,65.0,62.32721674876848,39.714285714285715,26.0,48.32721674876848,2,5,false,false,DEBUFFER,2,1,false,REVIEW,Broad role fit with borderline Gear Score
10917960765,10917960765,Helmet,helm,HealthSet,Epic,90,15,Health,2835.0,68.6,61.6,30.0,61.6,3,5,true,false,DPS,3,0,false,KEEP,Exceptional Speed safety rule
10920183679,10920183679,Boots,boot,LifestealSet,Epic,90,15,AttackPercent,65.0,70.77142857142857,63.77142857142857,31.0,70.77142857142857,2,5,false,true,BRUISER,4,2,false,KEEP,Modified substat (safe)
10924951855,10924951855,Necklace,neck,LifestealSet,Epic,88,15,CriticalHitDamagePercent,70.0,49.095,42.4,28.0,49.095,3,5,true,true,DPS,3,2,true,KEEP,Modified substat (safe)
10925143891,10925143891,Weapon,weapon,RevengeSet,Epic,90,15,Attack,525.0,78.0,78.0,28.0,78.0,2,5,false,true,DPS,4,0,false,KEEP,Modified substat (safe)
10926341156,10926341156,Boots,boot,CounterSet,Epic,85,15,HealthPercent,60.0,52.0,16.0,28.0,36.0,2,5,false,true,BRUISER,2,1,true,KEEP,Modified substat (safe)
10944160129,10944160129,Weapon,weapon,DestructionSet,Epic,85,15,Attack,500.0,55.285714285714285,22.285714285714285,45.0,41.285714285714285,2,5,false,true,SUPPORT,3,0,false,KEEP,Modified substat (safe)
10946765133,10946765133,Necklace,neck,SpeedSet,Epic,88,15,HealthPercent,65.0,65.0,8.0,49.0,30.0,2,5,false,false,SUPPORT,3,1,true,REVIEW,One core stat with preferred main stat
10962720780,10962720780,Weapon,weapon,CounterSet,Epic,90,15,Attack,525.0,71.0,39.0,32.0,64.0,2,5,false,false,BRUISER,2,0,false,REVIEW,High Gear Score but incomplete role signal
10962789553,10962789553,Boots,boot,SpeedSet,Epic,90,15,Speed,45.0,71.14285714285714,33.14285714285714,38.0,48.14285714285714,2,5,false,false,BRUISER,3,1,true,REVIEW,High Gear Score but incomplete role signal
10967350819,10967350819,Weapon,weapon,CounterSet,Epic,90,15,Attack,525.0,64.11428571428571,33.114285714285714,31.0,64.11428571428571,3,5,true,true,BRUISER,3,0,false,KEEP,Modified substat (safe)
10973634648,10973634648,Helmet,helm,ResistSet,Epic,90,15,Health,2835.0,71.6,47.6,37.0,54.6,3,5,true,false,BRUISER,3,0,false,KEEP,Exceptional Speed safety rule
10987096548,10987096548,Necklace,neck,SpeedSet,Epic,88,15,HealthPercent,65.0,71.0,16.0,49.0,33.0,2,5,false,false,DEBUFFER,3,1,true,REVIEW,High Gear Score but incomplete role signal
10989597023,10989597023,Helmet,helm,SpeedSet,Epic,90,15,Health,2835.0,70.0,38.0,62.0,54.0,3,5,true,false,SUPPORT,3,0,false,KEEP,Exceptional Speed safety rule
10989597460,10989597460,Helmet,helm,CriticalSet,Heroic,90,15,Health,2835.0,61.0,47.0,14.0,47.0,4,4,true,false,DPS,2,0,false,REVIEW,Broad role fit with borderline Gear Score
10991178558,10991178558,Necklace,neck,UnitySet,Epic,90,15,HealthPercent,65.0,77.0,42.0,58.0,51.0,4,5,true,false,DEBUFFER,3,1,true,KEEP,Exceptional Speed safety rule
10992978348,10992978348,Helmet,helm,SpeedSet,Epic,88,15,Health,2765.0,77.74285714285713,77.74285714285713,34.0,77.74285714285713,3,5,true,false,DPS,4,0,false,KEEP,Exceptional Speed safety rule
11000525631,11000525631,Weapon,weapon,PenetrationSet,Epic,88,15,Attack,515.0,70.4,70.4,24.0,70.4,2,5,false,false,DPS,4,0,false,REVIEW,High Gear Score but incomplete role signal
11003600287,11003600287,Ring,ring,RageSet,Epic,88,15,EffectivenessPercent,65.0,62.8,28.8,42.0,42.8,2,5,false,true,SUPPORT,3,2,false,KEEP,Modified substat (safe)
11003612347,11003612347,Ring,ring,TorrentSet,Epic,85,15,EffectResistancePercent,60.0,61.857142857142854,18.857142857142858,43.0,61.857142857142854,2,5,false,false,SUPPORT,2,2,true,KEEP,Strong slot/main-stat role fit
11008569773,11008569773,Ring,ring,SpeedSet,Epic,90,15,HealthPercent,65.0,59.8,47.8,36.0,59.8,2,5,false,true,BRUISER,3,1,true,KEEP,Modified substat (safe)
11025357381,11025357381,Helmet,helm,PenetrationSet,Epic,88,15,Health,2765.0,68.94285714285714,68.94285714285714,18.0,68.94285714285714,2,5,false,false,DPS,4,0,false,REVIEW,High Gear Score but incomplete role signal
11028620258,11028620258,Weapon,weapon,DestructionSet,Epic,90,15,Attack,525.0,66.0,26.0,51.0,33.0,3,5,true,false,SUPPORT,3,0,false,REVIEW,High Gear Score but incomplete role signal
11039944847,11039944847,Boots,boot,TorrentSet,Epic,88,15,Speed,45.0,72.44490842490842,67.74285714285715,0.0,72.44490842490842,3,5,true,false,DPS,3,1,true,KEEP,Spike with coherent role fit
11039947192,11039947192,Ring,ring,SpeedSet,Epic,90,15,EffectivenessPercent,65.0,68.0,44.0,52.0,68.0,3,5,true,true,BRUISER,4,2,false,KEEP,Modified substat (safe)
11044520856,11044520856,Boots,boot,SpeedSet,Epic,90,15,HealthPercent,65.0,70.6,42.6,36.0,70.6,3,5,true,false,BRUISER,3,2,true,KEEP,Strong slot/main-stat role fit
11050605239,11050605239,Helmet,helm,LifestealSet,Epic,90,15,Health,2835.0,67.0,26.0,61.0,52.0,3,5,true,false,SUPPORT,3,0,false,REVIEW,High Gear Score but incomplete role signal
11068123104,11068123104,Helmet,helm,DestructionSet,Epic,90,15,Health,2835.0,64.02857142857142,45.028571428571425,6.0,51.028571428571425,4,5,true,false,BRUISER,3,0,false,REVIEW,Broad role fit with borderline Gear Score
11084484572,11084484572,Armor,armor,SpeedSet,Epic,90,15,Defense,310.0,66.4,40.400000000000006,31.0,53.400000000000006,2,5,false,false,BRUISER,3,0,false,REVIEW,High Gear Score but incomplete role signal
11084485100,11084485100,Armor,armor,SpeedSet,Heroic,90,15,Defense,310.0,60.4,14.4,54.0,60.4,3,4,true,false,BRUISER,4,0,false,REVIEW,Broad role fit with borderline Gear Score
11092493389,11092493389,Armor,armor,PenetrationSet,Epic,88,15,Defense,310.0,62.25714285714285,29.257142857142856,33.0,62.25714285714285,2,5,false,false,BRUISER,4,0,false,REVIEW,Broad role fit with borderline Gear Score
11093624835,11093624835,Armor,armor,ImmunitySet,Epic,88,15,Defense,310.0,63.05714285714286,50.05714285714286,21.0,63.05714285714286,3,5,true,false,BRUISER,4,0,false,REVIEW,Broad role fit with borderline Gear Score
11095401067,11095401067,Ring,ring,SpeedSet,Epic,88,15,EffectivenessPercent,65.0,58.6374358974359,26.0,37.0,58.6374358974359,3,5,true,false,DEBUFFER,2,1,true,KEEP,Spike with coherent role fit
11095401637,11095401637,Necklace,neck,AttackSet,Epic,88,15,CriticalHitDamagePercent,70.0,57.4,32.4,17.0,49.4,3,5,true,true,DPS,2,2,true,KEEP,Modified substat (safe)
11096438538,11096438538,Necklace,neck,ImmunitySet,Epic,88,15,HealthPercent,65.0,65.0,22.0,51.0,31.0,2,5,false,false,SUPPORT,3,1,true,REVIEW,One core stat with preferred main stat
11097608617,11097608617,Ring,ring,CounterSet,Epic,88,15,AttackPercent,65.0,73.74285714285713,64.74285714285713,31.0,73.74285714285713,3,5,true,false,BRUISER,4,1,true,KEEP,Spike with coherent role fit
11097609773,11097609773,Armor,armor,CounterSet,Epic,88,15,Defense,310.0,75.74285714285713,52.74285714285715,41.0,75.74285714285713,2,5,false,false,BRUISER,4,0,false,REVIEW,High Gear Score but incomplete role signal
11099275401,11099275401,Armor,armor,ImmunitySet,Heroic,90,15,Defense,310.0,56.14285714285714,17.142857142857142,32.0,41.14285714285714,3,4,true,false,DEBUFFER,3,0,false,DELETE_CANDIDATE,Low-quality spread with weak role signal
11100130130,11100130130,Boots,boot,DestructionSet,Epic,90,15,HealthPercent,65.0,65.42857142857143,51.42857142857143,24.0,51.42857142857143,2,5,false,false,BRUISER,3,1,true,REVIEW,One core stat with preferred main stat
11103690413,11103690413,Weapon,weapon,CounterSet,Epic,88,15,Attack,515.0,72.6,57.6,39.0,72.6,2,5,false,false,DPS,3,0,false,REVIEW,High Gear Score but incomplete role signal
11106971758,11106971758,Helmet,helm,ImmunitySet,Epic,88,15,Health,2765.0,77.0,10.0,77.0,60.0,2,5,false,false,SUPPORT,4,0,false,REVIEW,High Gear Score but incomplete role signal
11113266151,11113266151,Weapon,weapon,ProtectionSet,Heroic,90,15,Attack,525.0,67.74285714285715,67.74285714285715,18.0,67.74285714285715,3,4,true,false,DPS,4,0,false,REVIEW,High Gear Score but incomplete role signal
11115222014,11115222014,Armor,armor,CounterSet,Epic,90,15,Defense,310.0,69.25714285714285,45.25714285714285,24.0,54.25714285714285,3,5,true,true,BRUISER,3,0,false,KEEP,Modified substat (safe)
11125700365,11125700365,Armor,armor,SpeedSet,Epic,85,15,Defense,300.0,58.2,19.200000000000003,27.0,38.2,2,5,false,false,BRUISER,2,0,false,REVIEW,Broad role fit with borderline Gear Score
11125701055,11125701055,Armor,armor,SpeedSet,Epic,85,15,Defense,300.0,61.8,36.8,13.0,41.8,3,5,true,true,BRUISER,3,0,false,KEEP,Modified substat (safe)
11126785100,11126785100,Boots,boot,PenetrationSet,Epic,88,15,Speed,45.0,67.7697435897436,63.6,0.0,67.7697435897436,2,5,false,true,DPS,3,1,true,KEEP,Modified substat (safe)
11126830507,11126830507,Armor,armor,ImmunitySet,Heroic,90,15,Defense,310.0,60.714285714285715,53.714285714285715,8.0,53.714285714285715,4,4,true,false,DPS,3,0,false,REVIEW,Broad role fit with borderline Gear Score
11129282630,11129282630,Ring,ring,DestructionSet,Epic,90,15,EffectivenessPercent,65.0,62.27025641025641,17.6,35.0,56.27025641025641,3,5,true,false,SUPPORT,2,2,false,KEEP,Spike with coherent role fit
11161571239,11161571239,Helmet,helm,ImmunitySet,Epic,90,15,Health,2835.0,66.57142857142857,66.57142857142857,26.0,66.57142857142857,2,5,false,true,DPS,4,0,false,KEEP,Modified substat (safe)
11163238302,11163238302,Boots,boot,DefenseSet,Epic,90,15,HealthPercent,65.0,63.0,20.0,54.0,33.0,2,5,false,true,BRUISER,2,2,true,KEEP,Modified substat (safe)
11163451033,11163451033,Armor,armor,SpeedSet,Epic,90,15,Defense,310.0,67.15551724137931,58.0,42.0,62.15551724137931,4,5,true,false,DPS,2,0,false,KEEP,Exceptional Speed safety rule
11163627778,11163627778,Boots,boot,HitSet,Epic,90,15,AttackPercent,65.0,66.71428571428572,49.714285714285715,44.0,57.714285714285715,4,5,true,false,BRUISER,3,2,false,KEEP,Exceptional Speed safety rule
11165122503,11165122503,Weapon,weapon,SpeedSet,Epic,85,15,Attack,500.0,59.42857142857143,47.42857142857143,26.0,59.42857142857143,2,5,false,false,DPS,3,0,false,REVIEW,Broad role fit with borderline Gear Score
11165122514,11165122514,Helmet,helm,SpeedSet,Epic,85,15,Health,2700.0,56.857142857142854,36.857142857142854,12.0,36.857142857142854,2,5,false,false,DPS,3,0,false,DELETE_CANDIDATE,Low-quality spread with weak role signal
11165122529,11165122529,Armor,armor,SpeedSet,Epic,90,15,Defense,310.0,69.25714285714285,61.25714285714285,24.0,69.25714285714285,3,5,true,false,BRUISER,4,0,false,REVIEW,High Gear Score but incomplete role signal
11165122535,11165122535,Boots,boot,SpeedSet,Epic,90,15,Speed,45.0,68.4,60.4,8.0,68.4,3,5,true,false,DPS,3,1,true,KEEP,Spike with coherent role fit
11165122558,11165122558,Necklace,neck,HitSet,Epic,85,15,CriticalHitDamagePercent,65.0,57.8,45.8,22.0,57.8,3,5,true,false,BRUISER,3,2,true,KEEP,Strong slot/main-stat role fit
11165137995,11165137995,Weapon,weapon,DestructionSet,Epic,90,15,Attack,525.0,70.22857142857143,70.22857142857143,6.0,70.22857142857143,2,5,false,false,DPS,4,0,false,REVIEW,High Gear Score but incomplete role signal
11165138025,11165138025,Helmet,helm,DestructionSet,Epic,90,15,Health,2835.0,70.4,70.4,16.0,70.4,3,5,true,false,DPS,4,0,false,REVIEW,High Gear Score but incomplete role signal
11165138033,11165138033,Armor,armor,DestructionSet,Epic,90,15,Defense,310.0,67.71428571428571,49.71428571428571,30.0,67.71428571428571,2,5,false,false,BRUISER,4,0,false,REVIEW,High Gear Score but incomplete role signal
11165138039,11165138039,Boots,boot,DestructionSet,Epic,90,15,AttackPercent,65.0,66.85978021978022,58.34285714285714,6.0,66.85978021978022,3,5,true,true,DPS,3,1,true,KEEP,Modified substat (safe)
11165138054,11165138054,Necklace,neck,PenetrationSet,Epic,90,15,CriticalHitDamagePercent,70.0,63.190769230769234,58.400000000000006,12.0,63.190769230769234,2,5,false,true,DPS,3,2,true,KEEP,Modified substat (safe)
11165138064,11165138064,Ring,ring,PenetrationSet,Epic,90,15,AttackPercent,65.0,65.94285714285714,43.942857142857136,28.0,65.94285714285714,3,5,true,false,BRUISER,4,1,true,KEEP,Spike with coherent role fit
11165141306,11165141306,Helmet,helm,SpeedSet,Epic,90,15,Health,2835.0,70.14285714285714,70.14285714285714,6.0,70.14285714285714,2,5,false,false,DPS,4,0,false,REVIEW,High Gear Score but incomplete role signal
11165141314,11165141314,Armor,armor,SpeedSet,Epic,85,15,Defense,300.0,57.714285714285715,43.714285714285715,28.0,57.714285714285715,2,5,false,false,BRUISER,4,0,false,DELETE_CANDIDATE,Low-quality spread with weak role signal
11165141325,11165141325,Boots,boot,SpeedSet,Epic,90,15,Speed,45.0,71.14285714285714,43.14285714285714,28.0,71.14285714285714,3,5,true,false,BRUISER,3,1,true,KEEP,Spike with coherent role fit
11165141346,11165141346,Ring,ring,CriticalSet,Epic,85,15,AttackPercent,60.0,56.6,43.6,23.0,56.6,2,5,false,false,BRUISER,4,1,true,REVIEW,One core stat with preferred main stat
11165280332,11165280332,Weapon,weapon,DestructionSet,Epic,85,15,Attack,500.0,59.857142857142854,40.857142857142854,6.0,40.857142857142854,2,5,false,false,DPS,3,0,false,REVIEW,Broad role fit with borderline Gear Score
11165280374,11165280374,Boots,boot,DestructionSet,Epic,90,15,Speed,45.0,73.14285714285714,27.142857142857142,16.0,43.14285714285714,3,5,true,false,DPS,2,1,true,KEEP,Spike with coherent role fit
11165280393,11165280393,Ring,ring,HitSet,Epic,85,15,AttackPercent,60.0,65.0,22.0,35.0,43.0,2,5,false,false,DEBUFFER,3,2,false,REVIEW,Multiple slot-preferred stats but incomplete main-stat fit
11170248148,11170248148,Weapon,weapon,DestructionSet,Epic,90,15,Attack,525.0,74.6,74.6,26.0,74.6,2,5,false,false,DPS,4,0,false,REVIEW,High Gear Score but incomplete role signal
11170248149,11170248149,Helmet,helm,DestructionSet,Epic,90,15,Health,2835.0,70.28571428571428,70.28571428571428,14.0,70.28571428571428,3,5,true,false,DPS,4,0,false,REVIEW,High Gear Score but incomplete role signal
11170248150,11170248150,Armor,armor,DestructionSet,Epic,90,15,Defense,310.0,67.6,47.6,26.0,67.6,2,5,false,false,BRUISER,4,0,false,REVIEW,High Gear Score but incomplete role signal
11170248151,11170248151,Boots,boot,DestructionSet,Epic,90,15,AttackPercent,65.0,66.71428571428571,43.71428571428571,29.0,66.71428571428571,2,5,false,false,BRUISER,4,2,false,KEEP,Strong slot role fit with high Gear Score
11170248152,11170248152,Necklace,neck,PenetrationSet,Epic,90,15,CriticalHitDamagePercent,70.0,71.2,63.2,20.0,71.2,2,5,false,false,DPS,3,2,true,KEEP,Strong slot/main-stat role fit
11170248156,11170248156,Ring,ring,PenetrationSet,Epic,90,15,AttackPercent,65.0,64.85714285714286,44.857142857142854,34.0,64.85714285714286,2,5,false,false,BRUISER,4,1,true,REVIEW,One core stat with preferred main stat
11173892246,11173892246,Weapon,weapon,SpeedSet,Epic,85,15,Attack,500.0,60.114285714285714,40.114285714285714,32.0,60.114285714285714,2,5,false,false,BRUISER,4,0,false,REVIEW,Broad role fit with borderline Gear Score
11173892249,11173892249,Helmet,helm,SpeedSet,Epic,90,15,Health,2835.0,61.857142857142854,34.857142857142854,39.0,61.857142857142854,3,5,true,false,BRUISER,4,0,false,REVIEW,Broad role fit with borderline Gear Score
11173892255,11173892255,Armor,armor,SpeedSet,Epic,85,15,Defense,300.0,55.94285714285714,43.94285714285714,18.0,55.94285714285714,3,5,true,false,BRUISER,4,0,false,DELETE_CANDIDATE,Low-quality spread with weak role signal
11173892256,11173892256,Boots,boot,SpeedSet,Epic,90,15,Speed,45.0,71.54285714285714,39.542857142857144,32.0,71.54285714285714,2,5,false,false,BRUISER,4,2,true,KEEP,Strong slot/main-stat role fit
11173892260,11173892260,Necklace,neck,CriticalSet,Epic,90,15,CriticalHitDamagePercent,70.0,74.0,42.0,66.0,74.0,3,5,true,false,BRUISER,4,3,true,KEEP,Exceptional Speed safety rule
11173892265,11173892265,Ring,ring,CriticalSet,Epic,90,15,HealthPercent,65.0,69.0,48.0,37.0,69.0,2,5,false,false,BRUISER,4,1,true,REVIEW,High Gear Score but incomplete role signal
11179435701,11179435701,Boots,boot,SpeedSet,Epic,90,15,Speed,45.0,67.68225806451613,0.0,54.0,49.682258064516134,2,5,false,false,BRUISER,2,2,true,KEEP,Strong slot/main-stat role fit
11179544063,11179544063,Helmet,helm,DestructionSet,Epic,90,15,Health,2835.0,66.6,55.6,44.0,55.6,4,5,true,true,DPS,2,0,false,KEEP,Modified substat (safe)
11199746484,11199746484,Weapon,weapon,InjurySet,Epic,88,15,Attack,515.0,70.17142857142858,56.17142857142857,32.0,70.17142857142858,2,5,false,false,BRUISER,4,0,false,REVIEW,High Gear Score but incomplete role signal
11199816945,11199816945,Armor,armor,DestructionSet,Epic,90,15,Defense,310.0,69.71428571428572,45.714285714285715,24.0,52.714285714285715,4,5,true,false,BRUISER,3,0,false,REVIEW,High Gear Score but incomplete role signal
11200591293,11200591293,Weapon,weapon,DestructionSet,Epic,90,15,Attack,525.0,73.6,31.6,56.0,73.6,4,5,true,true,BRUISER,4,0,false,KEEP,Modified substat (safe)
11200665230,11200665230,Armor,armor,TorrentSet,Epic,85,15,Defense,300.0,65.85714285714286,38.857142857142854,28.0,38.857142857142854,2,5,false,false,DPS,2,0,false,REVIEW,Broad role fit with borderline Gear Score
11210742005,11210742005,Weapon,weapon,ResistSet,Heroic,90,15,Attack,525.0,66.0,66.0,26.0,66.0,2,4,false,false,DPS,4,0,false,REVIEW,High Gear Score but incomplete role signal
11214439465,11214439465,Armor,armor,ImmunitySet,Epic,90,15,Defense,310.0,70.4,62.400000000000006,16.0,70.4,3,5,true,true,BRUISER,4,0,false,KEEP,Modified substat (safe)
11222090157,11222090157,Helmet,helm,DestructionSet,Epic,85,15,Health,2700.0,59.71428571428571,21.71428571428571,26.0,35.71428571428571,2,5,false,false,BRUISER,2,0,false,REVIEW,Broad role fit with borderline Gear Score
11222130272,11222130272,Helmet,helm,SpeedSet,Epic,90,15,Health,2835.0,66.85714285714286,29.857142857142854,37.0,66.85714285714286,3,5,true,false,BRUISER,3,0,false,REVIEW,High Gear Score but incomplete role signal
11222413164,11222413164,Helmet,helm,DestructionSet,Epic,90,15,Health,2835.0,68.14285714285714,68.14285714285714,16.0,68.14285714285714,3,5,true,true,DPS,4,0,false,KEEP,Modified substat (safe)
11223005857,11223005857,Helmet,helm,PenetrationSet,Epic,90,15,Health,2835.0,57.91406593406593,52.857142857142854,8.0,57.91406593406593,3,5,true,true,DPS,3,0,false,KEEP,Modified substat (safe)
11240976047,11240976047,Weapon,weapon,DestructionSet,Epic,90,15,Attack,525.0,65.71428571428571,57.714285714285715,28.0,65.71428571428571,2,5,false,false,DPS,3,0,false,REVIEW,Broad role fit with borderline Gear Score
11241966957,11241966957,Helmet,helm,DestructionSet,Epic,85,15,Health,2700.0,61.57142857142857,33.57142857142857,28.0,54.57142857142857,2,5,false,false,BRUISER,2,0,false,REVIEW,Broad role fit with borderline Gear Score
11242501033,11242501033,Armor,armor,SpeedSet,Epic,85,15,Defense,300.0,52.0,0.0,41.0,29.0,3,5,true,false,SUPPORT,3,0,false,DELETE_CANDIDATE,Low-quality spread with weak role signal
11242700465,11242700465,Helmet,helm,ImmunitySet,Epic,90,15,Health,2835.0,65.8,40.8,28.0,56.8,2,5,false,true,BRUISER,3,0,false,KEEP,Modified substat (safe)
11243047752,11243047752,Weapon,weapon,ImmunitySet,Epic,90,15,Attack,525.0,69.85714285714286,30.857142857142858,39.0,45.85714285714286,2,5,false,false,DEBUFFER,3,0,false,REVIEW,High Gear Score but incomplete role signal
11243301124,11243301124,Ring,ring,ImmunitySet,Epic,90,15,HealthPercent,65.0,63.0,18.0,40.0,33.0,2,5,false,true,SUPPORT,3,2,true,KEEP,Modified substat (safe)
11243556007,11243556007,Necklace,neck,ImmunitySet,Epic,90,15,HealthPercent,65.0,59.0,18.0,47.0,40.0,2,5,false,true,DEBUFFER,3,1,true,KEEP,Modified substat (safe)
11243582691,11243582691,Ring,ring,ImmunitySet,Epic,90,15,EffectResistancePercent,65.0,61.26124542124542,51.857142857142854,0.0,61.26124542124542,2,5,false,false,DPS,3,1,false,REVIEW,Broad role fit with borderline Gear Score
11253280655,11253280655,Ring,ring,SpeedSet,Epic,90,15,AttackPercent,65.0,69.0,30.0,69.0,55.0,2,5,false,true,SUPPORT,4,3,false,KEEP,Modified substat (safe)
11254029678,11254029678,Ring,ring,SpeedSet,Epic,90,15,HealthPercent,65.0,70.0,30.0,53.0,38.0,3,5,true,false,SUPPORT,3,2,true,KEEP,Exceptional Speed safety rule
11254029839,11254029839,Necklace,neck,SpeedSet,Epic,90,15,HealthPercent,65.0,73.0,34.0,65.0,42.0,3,5,true,false,SUPPORT,3,1,true,KEEP,Exceptional Speed safety rule
11254030265,11254030265,Boots,boot,SpeedSet,Epic,90,15,Speed,45.0,76.0,0.0,51.0,34.0,2,5,false,false,BRUISER,2,2,true,KEEP,Strong slot/main-stat role fit
11254172583,11254172583,Helmet,helm,InjurySet,Epic,88,15,Health,2765.0,68.0,34.0,44.0,68.0,2,5,false,false,BRUISER,4,0,false,REVIEW,High Gear Score but incomplete role signal
11255623394,11255623394,Weapon,weapon,SpeedSet,Epic,85,15,Attack,500.0,63.0,8.0,49.0,22.0,3,5,true,false,SUPPORT,3,0,false,REVIEW,Broad role fit with borderline Gear Score
11255623594,11255623594,Helmet,helm,SpeedSet,Epic,85,15,Health,2700.0,58.0,12.0,38.0,38.0,2,5,false,false,DEBUFFER,4,0,false,REVIEW,Broad role fit with borderline Gear Score
11255623830,11255623830,Armor,armor,SpeedSet,Epic,90,15,Defense,310.0,73.0,28.0,58.0,58.0,2,5,false,false,DEBUFFER,4,0,false,REVIEW,High Gear Score but incomplete role signal
11257455160,11257455160,Armor,armor,TorrentSet,Epic,85,15,Defense,300.0,54.07224137931034,0.0,51.0,34.07224137931034,3,5,true,false,SUPPORT,3,0,false,DELETE_CANDIDATE,Low-quality spread with weak role signal
11257586494,11257586494,Weapon,weapon,TorrentSet,Epic,85,15,Attack,500.0,62.0,42.0,34.0,42.0,2,5,false,false,DPS,3,0,false,REVIEW,Broad role fit with borderline Gear Score
11261057578,11261057578,Boots,boot,SpeedSet,Epic,85,15,Speed,40.0,60.0,19.0,28.0,47.0,2,5,false,true,BRUISER,2,2,true,KEEP,Modified substat (safe)
11261124191,11261124191,Necklace,neck,SpeedSet,Epic,85,15,AttackPercent,60.0,54.881025641025644,34.8,22.0,38.881025641025644,3,5,true,false,DPS,2,1,true,KEEP,Spike with coherent role fit
11271417346,11271417346,Boots,boot,SpeedSet,Epic,90,15,Speed,45.0,70.4,22.400000000000002,40.0,62.400000000000006,2,5,false,false,BRUISER,3,2,true,KEEP,Strong slot/main-stat role fit
11271582730,11271582730,Helmet,helm,TorrentSet,Epic,90,15,Health,2835.0,61.86710622710623,48.91428571428571,8.0,61.86710622710623,2,5,false,true,DPS,3,0,false,KEEP,Modified substat (safe)
11272227512,11272227512,Necklace,neck,TorrentSet,Heroic,90,15,CriticalHitDamagePercent,70.0,60.4,36.4,48.0,60.4,2,4,false,true,BRUISER,3,2,true,KEEP,Modified substat (safe)
11272332638,11272332638,Helmet,helm,SpeedSet,Epic,90,15,Health,2835.0,72.14285714285714,54.14285714285714,58.0,54.14285714285714,4,5,true,true,DPS,3,0,false,KEEP,Modified substat (safe)
11272433103,11272433103,Weapon,weapon,ImmunitySet,Epic,90,15,Attack,525.0,70.6,41.6,30.0,41.6,2,5,false,false,DPS,2,0,false,REVIEW,High Gear Score but incomplete role signal
11272495623,11272495623,Necklace,neck,TorrentSet,Epic,90,15,HealthPercent,65.0,61.34497536945813,37.714285714285715,47.0,46.34497536945813,3,5,true,false,BRUISER,2,1,true,KEEP,Exceptional Speed safety rule
11272515411,11272515411,Weapon,weapon,TorrentSet,Epic,90,15,Attack,525.0,60.94285714285714,60.94285714285714,16.0,60.94285714285714,2,5,false,true,DPS,4,0,false,KEEP,Modified substat (safe)
11272537123,11272537123,Weapon,weapon,SpeedSet,Epic,90,15,Attack,525.0,61.91428571428572,61.91428571428572,22.0,61.91428571428572,2,5,false,true,DPS,4,0,false,KEEP,Modified substat (safe)
11272744845,11272744845,Helmet,helm,SpeedSet,Epic,90,15,Health,2835.0,70.0,6.0,47.0,41.0,3,5,true,true,DEBUFFER,3,0,false,KEEP,Modified substat (safe)
11273720843,11273720843,Weapon,weapon,ImmunitySet,Epic,90,15,Attack,525.0,59.37142857142857,59.37142857142857,12.0,59.37142857142857,2,5,false,true,DPS,4,0,false,KEEP,Modified substat (safe)
11273758644,11273758644,Ring,ring,ImmunitySet,Epic,90,15,AttackPercent,65.0,60.85714285714286,22.857142857142858,38.0,33.85714285714286,3,5,true,false,SUPPORT,2,2,false,KEEP,Spike with coherent role fit
11273973155,11273973155,Boots,boot,SpeedSet,Epic,90,15,AttackPercent,65.0,66.0,40.0,60.0,48.0,4,5,true,false,BRUISER,2,2,false,KEEP,Exceptional Speed safety rule
11279738353,11279738353,Armor,armor,InjurySet,Epic,88,15,Defense,310.0,70.85714285714286,40.857142857142854,48.0,70.85714285714286,2,5,false,false,BRUISER,4,0,false,REVIEW,High Gear Score but incomplete role signal
11283192803,11283192803,Ring,ring,TorrentSet,Epic,90,15,AttackPercent,65.0,65.35003663003663,57.542857142857144,26.0,65.35003663003663,2,5,false,true,DPS,3,0,true,KEEP,Modified substat (safe)
11283193237,11283193237,Necklace,neck,TorrentSet,Epic,90,15,CriticalHitDamagePercent,70.0,75.0,57.0,36.0,75.0,2,5,false,false,DPS,3,2,true,KEEP,Strong slot/main-stat role fit
11283193692,11283193692,Boots,boot,TorrentSet,Epic,90,15,Speed,45.0,74.74285714285713,66.74285714285715,8.0,74.74285714285713,3,5,true,false,DPS,3,1,true,KEEP,Spike with coherent role fit
11283194253,11283194253,Weapon,weapon,TorrentSet,Epic,90,15,Attack,525.0,74.0,74.0,8.0,74.0,2,5,false,false,DPS,4,0,false,REVIEW,High Gear Score but incomplete role signal
11283194589,11283194589,Helmet,helm,TorrentSet,Epic,90,15,Health,2835.0,69.14285714285714,69.14285714285714,22.0,69.14285714285714,2,5,false,false,DPS,4,0,false,REVIEW,High Gear Score but incomplete role signal
11283194998,11283194998,Armor,armor,TorrentSet,Epic,90,15,Defense,310.0,75.28571428571428,58.285714285714285,33.0,75.28571428571428,3,5,true,false,BRUISER,4,0,false,REVIEW,High Gear Score but incomplete role signal
11296746480,11296746480,Necklace,neck,RageSet,Epic,88,15,CriticalHitDamagePercent,70.0,59.8,36.8,18.0,36.8,2,5,false,true,DPS,3,2,true,KEEP,Modified substat (safe)
11297403832,11297403832,Boots,boot,InjurySet,Epic,88,15,Speed,45.0,62.971428571428575,34.971428571428575,28.0,62.971428571428575,2,5,false,false,BRUISER,4,2,true,KEEP,Strong slot/main-stat role fit
11329155295,11329155295,Ring,ring,InjurySet,Epic,88,15,HealthPercent,65.0,64.2,51.2,37.0,64.2,2,5,false,false,BRUISER,4,1,true,REVIEW,One core stat with preferred main stat
11334160008,11334160008,Necklace,neck,InjurySet,Epic,88,15,CriticalHitDamagePercent,70.0,68.2,37.2,41.0,68.2,3,5,true,false,BRUISER,4,3,true,KEEP,Strong slot/main-stat role fit
11334298232,11334298232,Boots,boot,LifestealSet,Heroic,90,15,Speed,45.0,62.91260073260074,58.74285714285715,0.0,62.91260073260074,2,4,false,true,DPS,3,1,true,KEEP,Modified substat (safe)
11348751948,11348751948,Armor,armor,HealthSet,Heroic,90,15,Defense,310.0,66.0,26.0,66.0,50.0,2,4,false,true,SUPPORT,4,0,false,KEEP,Modified substat (safe)
11361232382,11361232382,Boots,boot,SpeedSet,Epic,90,15,Speed,45.0,68.0,17.0,35.0,52.0,3,5,true,false,BRUISER,2,2,true,KEEP,Strong slot/main-stat role fit
11361232384,11361232384,Boots,boot,SpeedSet,Epic,90,15,Speed,45.0,79.0,17.0,35.0,52.0,2,5,false,false,BRUISER,2,2,true,KEEP,Strong slot/main-stat role fit
11361232715,11361232715,Helmet,helm,SpeedSet,Epic,85,15,Health,2700.0,58.0,20.0,32.0,44.0,3,5,true,false,DEBUFFER,3,0,false,REVIEW,Broad role fit with borderline Gear Score
11361232718,11361232718,Helmet,helm,SpeedSet,Epic,90,15,Health,2835.0,74.0,24.0,41.0,57.0,3,5,true,false,DEBUFFER,3,0,false,REVIEW,High Gear Score but incomplete role signal
11368644468,11368644468,Ring,ring,HitSet,Epic,90,15,AttackPercent,65.0,74.0,26.0,52.0,52.0,2,5,false,false,BRUISER,3,2,true,KEEP,Strong slot/main-stat role fit
11368644469,11368644469,Ring,ring,HitSet,Epic,85,15,AttackPercent,60.0,55.0,8.0,39.0,39.0,3,5,true,false,BRUISER,3,2,true,KEEP,Strong slot/main-stat role fit
11370135203,11370135203,Weapon,weapon,SpeedSet,Epic,85,15,Attack,500.0,62.0,36.0,23.0,43.0,2,5,false,false,DEBUFFER,3,0,false,REVIEW,Broad role fit with borderline Gear Score
11370135208,11370135208,Weapon,weapon,SpeedSet,Epic,90,15,Attack,525.0,70.0,45.0,22.0,53.0,3,5,true,false,DEBUFFER,3,0,false,REVIEW,High Gear Score but incomplete role signal
11373533205,11373533205,Armor,armor,SpeedSet,Epic,90,15,Defense,310.0,71.0,14.0,63.0,63.0,2,5,false,false,DEBUFFER,4,0,false,REVIEW,High Gear Score but incomplete role signal
11373533206,11373533206,Armor,armor,SpeedSet,Epic,85,15,Defense,300.0,59.0,12.0,52.0,52.0,2,5,false,false,DEBUFFER,4,0,false,REVIEW,Broad role fit with borderline Gear Score
11431135246,11431135246,Weapon,weapon,ProtectionSet,Epic,88,15,Attack,515.0,71.0,24.0,62.0,40.0,2,5,false,false,SUPPORT,3,0,false,REVIEW,High Gear Score but incomplete role signal
11432680196,11432680196,Boots,boot,ProtectionSet,Epic,88,15,HealthPercent,65.0,66.0,16.0,57.0,35.0,2,5,false,false,BRUISER,2,2,true,KEEP,Strong slot/main-stat role fit
11437709961,11437709961,Armor,armor,ProtectionSet,Epic,90,15,Defense,310.0,61.44852216748768,24.457142857142856,29.0,61.44852216748768,3,5,true,false,BRUISER,3,0,false,REVIEW,Broad role fit with borderline Gear Score
11439039667,11439039667,Ring,ring,ProtectionSet,Epic,88,15,HealthPercent,65.0,76.0,26.0,44.0,35.0,3,5,true,false,SUPPORT,3,2,true,KEEP,Strong slot/main-stat role fit
11439041201,11439041201,Necklace,neck,CriticalSet,Epic,88,15,CriticalHitDamagePercent,70.0,75.0,58.0,10.0,58.0,3,5,true,false,DPS,3,2,true,KEEP,Strong slot/main-stat role fit
11439041239,11439041239,Armor,armor,ProtectionSet,Epic,88,15,Defense,310.0,74.0,16.0,74.0,51.0,2,5,false,false,SUPPORT,4,0,false,REVIEW,High Gear Score but incomplete role signal
11440167124,11440167124,Armor,armor,HitSet,Epic,90,15,Defense,310.0,64.85714285714286,24.857142857142858,58.0,64.85714285714286,3,5,true,false,BRUISER,4,0,false,REVIEW,Broad role fit with borderline Gear Score
11441584382,11441584382,Weapon,weapon,CounterSet,Epic,90,15,Attack,525.0,62.942857142857136,62.942857142857136,10.0,62.942857142857136,2,5,false,true,DPS,4,0,false,KEEP,Modified substat (safe)
11445277564,11445277564,Helmet,helm,CriticalSet,Epic,88,15,Health,2765.0,75.05714285714286,75.05714285714286,10.0,75.05714285714286,4,5,true,true,DPS,4,0,false,KEEP,Modified substat (safe)
11445304866,11445304866,Weapon,weapon,DestructionSet,Epic,90,15,Attack,525.0,72.6,72.6,8.0,72.6,2,5,false,false,DPS,4,0,false,REVIEW,High Gear Score but incomplete role signal
11448866838,11448866838,Necklace,neck,RevengeSet,Epic,88,15,CriticalHitDamagePercent,70.0,69.2,52.2,43.0,69.2,3,5,true,true,BRUISER,3,2,true,KEEP,Modified substat (safe)
11450978364,11450978364,Helmet,helm,DestructionSet,Epic,90,15,Health,2835.0,72.8,65.8,31.0,72.8,2,5,false,false,DPS,3,0,false,REVIEW,High Gear Score but incomplete role signal
11450979541,11450979541,Armor,armor,HealthSet,Heroic,90,15,Defense,310.0,59.0,44.0,35.0,50.0,2,4,false,false,BRUISER,3,0,false,REVIEW,Broad role fit with borderline Gear Score
11450979921,11450979921,Armor,armor,HealthSet,Epic,90,15,Defense,310.0,70.0,48.0,46.0,70.0,2,5,false,true,BRUISER,4,0,false,KEEP,Modified substat (safe)
11451927654,11451927654,Necklace,neck,DestructionSet,Epic,90,15,CriticalHitDamagePercent,70.0,56.492820512820515,9.0,38.0,23.492820512820515,4,5,true,false,DPS,1,1,true,KEEP,Spike with coherent role fit
11451929651,11451929651,Ring,ring,ImmunitySet,Epic,90,15,HealthPercent,65.0,67.85714285714286,40.857142857142854,40.0,54.857142857142854,2,5,false,false,BRUISER,3,1,true,REVIEW,High Gear Score but incomplete role signal
11451930117,11451930117,Ring,ring,SpeedSet,Epic,90,15,EffectivenessPercent,65.0,68.91645161290323,56.2,18.0,68.91645161290323,2,5,false,false,DPS,3,1,false,REVIEW,High Gear Score but incomplete role signal
11451931376,11451931376,Ring,ring,SpeedSet,Epic,90,15,EffectivenessPercent,65.0,67.0,6.0,67.0,50.0,2,5,false,false,SUPPORT,4,3,false,KEEP,Strong slot role fit with high Gear Score
11454302160,11454302160,Ring,ring,HitSet,Epic,90,15,HealthPercent,65.0,66.0,8.0,50.0,43.0,4,5,true,false,SUPPORT,2,2,true,KEEP,Strong slot/main-stat role fit
11467488520,11467488520,Ring,ring,SpeedSet,Epic,85,15,EffectivenessPercent,60.0,48.80827586206897,16.0,24.0,48.80827586206897,3,5,true,false,DEBUFFER,1,1,true,KEEP,Spike with coherent role fit
11469968786,11469968786,Weapon,weapon,PenetrationSet,Epic,88,15,Attack,515.0,66.02857142857142,66.02857142857142,24.0,66.02857142857142,2,5,false,false,DPS,4,0,false,REVIEW,High Gear Score but incomplete role signal
11469968796,11469968796,Helmet,helm,PenetrationSet,Epic,88,15,Health,2765.0,71.6,71.6,10.0,71.6,3,5,true,false,DPS,4,0,false,REVIEW,High Gear Score but incomplete role signal
11481219401,11481219401,Armor,armor,PenetrationSet,Epic,88,15,Defense,310.0,72.74285714285715,58.74285714285715,30.0,72.74285714285715,2,5,false,false,BRUISER,4,0,false,REVIEW,High Gear Score but incomplete role signal
11484752170,11484752170,Boots,boot,PenetrationSet,Epic,88,15,Speed,45.0,73.45714285714286,49.457142857142856,24.0,73.45714285714286,2,5,false,false,DPS,3,1,true,REVIEW,High Gear Score but incomplete role signal
11496212639,11496212639,Ring,ring,PenetrationSet,Epic,88,15,AttackPercent,65.0,70.6,49.6,37.0,70.6,2,5,false,false,BRUISER,4,1,true,REVIEW,High Gear Score but incomplete role signal
11496212648,11496212648,Necklace,neck,PenetrationSet,Epic,88,15,CriticalHitDamagePercent,70.0,68.8,60.8,40.0,68.8,3,5,true,false,DPS,3,2,true,KEEP,Exceptional Speed safety rule
11511837109,11511837109,Necklace,neck,CriticalSet,Epic,88,15,CriticalHitDamagePercent,70.0,71.0,56.0,33.0,71.0,3,5,true,false,DPS,3,2,true,KEEP,Strong slot/main-stat role fit
11517078477,11517078477,Weapon,weapon,SpeedSet,Epic,88,15,Attack,515.0,67.0,18.0,59.0,42.0,3,5,true,false,SUPPORT,3,0,false,REVIEW,High Gear Score but incomplete role signal
11519536229,11519536229,Helmet,helm,SpeedSet,Epic,88,15,Health,2765.0,73.0,10.0,58.0,58.0,2,5,false,false,DEBUFFER,4,0,false,REVIEW,High Gear Score but incomplete role signal
11523871639,11523871639,Weapon,weapon,HealthSet,Epic,88,15,Attack,515.0,70.0,10.0,50.0,18.0,3,5,true,false,SUPPORT,3,0,false,REVIEW,High Gear Score but incomplete role signal
11526455004,11526455004,Helmet,helm,HealthSet,Epic,88,15,Health,2765.0,68.0,16.0,68.0,54.0,2,5,false,false,SUPPORT,4,0,false,REVIEW,High Gear Score but incomplete role signal
11530134457,11530134457,Armor,armor,SpeedSet,Epic,88,15,Defense,310.0,64.0,16.0,40.0,40.0,3,5,true,false,DEBUFFER,4,0,false,REVIEW,Broad role fit with borderline Gear Score
11530134458,11530134458,Boots,boot,SpeedSet,Epic,88,15,Speed,45.0,63.0,0.0,42.0,34.0,2,5,false,false,BRUISER,2,2,true,KEEP,Strong slot/main-stat role fit
11545556806,11545556806,Ring,ring,SpeedSet,Epic,88,15,HealthPercent,65.0,75.0,18.0,59.0,35.0,2,5,false,false,SUPPORT,3,2,true,KEEP,Strong slot/main-stat role fit
11545595356,11545595356,Weapon,weapon,CriticalSet,Epic,88,15,Attack,515.0,71.94285714285714,71.94285714285714,10.0,71.94285714285714,3,5,true,false,DPS,4,0,false,REVIEW,High Gear Score but incomplete role signal
11545754139,11545754139,Helmet,helm,DestructionSet,Epic,88,15,Health,2765.0,73.6,73.6,32.0,73.6,3,5,true,false,DPS,4,0,false,KEEP,Exceptional Speed safety rule
11545770738,11545770738,Boots,boot,DestructionSet,Epic,88,15,AttackPercent,65.0,65.97142857142856,52.97142857142857,23.0,65.97142857142856,3,5,true,false,BRUISER,4,2,false,KEEP,Spike with coherent role fit
11545770739,11545770739,Armor,armor,DestructionSet,Epic,88,15,Defense,310.0,72.0,64.0,24.0,72.0,3,5,true,false,BRUISER,4,0,false,REVIEW,High Gear Score but incomplete role signal
11545770741,11545770741,Ring,ring,DestructionSet,Epic,88,15,AttackPercent,65.0,63.2,55.2,36.0,63.2,3,5,true,false,BRUISER,4,1,true,KEEP,Spike with coherent role fit
11554199107,11554199107,Weapon,weapon,HealthSet,Epic,88,15,Attack,515.0,70.0,22.0,62.0,37.0,2,5,false,false,SUPPORT,3,0,false,REVIEW,High Gear Score but incomplete role signal
11557192072,11557192072,Helmet,helm,HealthSet,Epic,88,15,Health,2765.0,75.0,10.0,75.0,34.0,4,5,true,false,SUPPORT,4,0,false,REVIEW,High Gear Score but incomplete role signal
11558057316,11558057316,Ring,ring,ImmunitySet,Epic,90,15,HealthPercent,65.0,54.714285714285715,38.714285714285715,20.0,54.714285714285715,3,5,true,true,BRUISER,3,1,true,KEEP,Modified substat (safe)
11558060637,11558060637,Helmet,helm,TorrentSet,Epic,90,15,Health,2835.0,65.4,14.4,30.0,44.4,2,5,false,false,DEBUFFER,3,0,false,REVIEW,Broad role fit with borderline Gear Score
11558061562,11558061562,Helmet,helm,ImmunitySet,Epic,90,15,Health,2835.0,62.714285714285715,47.714285714285715,10.0,47.714285714285715,2,5,false,true,DPS,3,0,false,KEEP,Modified substat (safe)
11558068193,11558068193,Helmet,helm,CounterSet,Epic,90,15,Health,2835.0,68.4,30.4,54.0,68.4,3,5,true,true,BRUISER,4,0,false,KEEP,Modified substat (safe)
11558068968,11558068968,Helmet,helm,CounterSet,Epic,90,15,Health,2835.0,67.88571428571429,51.885714285714286,24.0,51.885714285714286,2,5,false,true,DPS,3,0,false,KEEP,Modified substat (safe)
11558071731,11558071731,Armor,armor,TorrentSet,Epic,90,15,Defense,310.0,71.25714285714285,53.25714285714285,26.0,71.25714285714285,3,5,true,true,BRUISER,4,0,false,KEEP,Modified substat (safe)
11558074496,11558074496,Armor,armor,ImmunitySet,Epic,90,15,Defense,310.0,65.91428571428571,38.91428571428572,41.0,65.91428571428571,2,5,false,false,BRUISER,4,0,false,REVIEW,Broad role fit with borderline Gear Score
11558075207,11558075207,Armor,armor,CounterSet,Epic,90,15,Defense,310.0,69.0,16.0,35.0,51.0,3,5,true,false,DEBUFFER,3,0,false,REVIEW,High Gear Score but incomplete role signal
11558076452,11558076452,Weapon,weapon,TorrentSet,Epic,90,15,Attack,525.0,71.31428571428572,47.31428571428572,32.0,71.31428571428572,2,5,false,true,BRUISER,4,0,false,KEEP,Modified substat (safe)
11558076910,11558076910,Weapon,weapon,TorrentSet,Epic,90,15,Attack,525.0,67.85714285714286,50.85714285714286,53.0,50.85714285714286,4,5,true,false,DPS,3,0,false,KEEP,Exceptional Speed safety rule
11558077583,11558077583,Weapon,weapon,TorrentSet,Epic,85,15,Attack,500.0,59.2,33.2,40.0,47.2,2,5,false,false,BRUISER,3,0,false,REVIEW,Broad role fit with borderline Gear Score
11558079000,11558079000,Weapon,weapon,DestructionSet,Epic,90,15,Attack,525.0,64.5142857142857,64.5142857142857,8.0,64.5142857142857,3,5,true,true,DPS,4,0,false,KEEP,Modified substat (safe)
11560261059,11560261059,Armor,armor,HealthSet,Epic,88,15,Defense,310.0,73.0,26.0,73.0,65.0,2,5,false,false,SUPPORT,4,0,false,REVIEW,High Gear Score but incomplete role signal
11567571278,11567571278,Armor,armor,HealthSet,Epic,88,15,Defense,310.0,70.0,16.0,70.0,54.0,3,5,true,false,SUPPORT,4,0,false,REVIEW,High Gear Score but incomplete role signal
11570884388,11570884388,Boots,boot,HealthSet,Epic,88,15,HealthPercent,65.0,68.0,16.0,60.0,39.0,2,5,false,false,BRUISER,2,2,true,KEEP,Strong slot/main-stat role fit
11578078772,11578078772,Weapon,weapon,HitSet,Epic,85,15,Attack,500.0,58.4,32.4,44.0,36.4,2,5,false,false,SUPPORT,3,0,false,REVIEW,Broad role fit with borderline Gear Score
11578320784,11578320784,Ring,ring,HealthSet,Epic,88,15,HealthPercent,65.0,68.0,16.0,60.0,38.0,2,5,false,false,SUPPORT,3,2,true,KEEP,Strong slot/main-stat role fit
11580734142,11580734142,Necklace,neck,HealthSet,Epic,88,15,HealthPercent,65.0,66.0,16.0,58.0,38.0,2,5,false,false,SUPPORT,3,1,true,REVIEW,High Gear Score but incomplete role signal
11585603003,11585603003,Boots,boot,HealthSet,Epic,88,15,HealthPercent,65.0,67.0,24.0,51.0,43.0,2,5,false,false,BRUISER,2,2,true,KEEP,Strong slot/main-stat role fit
11590022699,11590022699,Ring,ring,HealthSet,Epic,88,15,HealthPercent,65.0,66.0,10.0,53.0,27.0,3,5,true,false,SUPPORT,3,2,true,KEEP,Strong slot/main-stat role fit
11595139335,11595139335,Weapon,weapon,SpeedSet,Epic,88,15,Attack,515.0,70.31428571428572,70.31428571428572,16.0,70.31428571428572,2,5,false,false,DPS,4,0,false,REVIEW,High Gear Score but incomplete role signal
11598788606,11598788606,Helmet,helm,SpeedSet,Epic,88,15,Health,2765.0,74.2,74.2,16.0,74.2,3,5,true,false,DPS,4,0,false,REVIEW,High Gear Score but incomplete role signal
11599078661,11599078661,Boots,boot,HealthSet,Epic,88,15,Speed,45.0,62.0,14.0,22.0,29.0,3,5,true,false,SUPPORT,2,1,true,KEEP,Spike with coherent role fit
11606137336,11606137336,Necklace,neck,ImmunitySet,Epic,90,15,CriticalHitChancePercent,60.0,62.27903940886699,52.857142857142854,43.0,62.27903940886699,4,5,true,false,BRUISER,3,2,true,KEEP,Exceptional Speed safety rule
11606571151,11606571151,Armor,armor,SpeedSet,Epic,88,15,Defense,310.0,68.05714285714285,60.05714285714286,26.0,68.05714285714285,2,5,false,false,BRUISER,4,0,false,REVIEW,High Gear Score but incomplete role signal
11607690684,11607690684,Boots,boot,SpeedSet,Epic,88,15,Speed,45.0,67.45714285714286,44.457142857142856,23.0,67.45714285714286,2,5,false,false,BRUISER,3,1,true,REVIEW,High Gear Score but incomplete role signal
11610077545,11610077545,Necklace,neck,HealthSet,Epic,88,15,HealthPercent,65.0,72.0,10.0,58.0,41.0,3,5,true,false,SUPPORT,3,1,true,KEEP,Spike with coherent role fit
11616800203,11616800203,Helmet,helm,SpeedSet,Epic,85,15,Health,2700.0,57.93566820276498,33.42857142857143,34.0,57.93566820276498,2,5,false,false,BRUISER,3,0,false,DELETE_CANDIDATE,Low-quality spread with weak role signal
11620061072,11620061072,Necklace,neck,SpeedSet,Epic,88,15,HealthPercent,65.0,74.0,40.0,65.0,56.0,4,5,true,false,SUPPORT,3,1,true,KEEP,Exceptional Speed safety rule
11620966479,11620966479,Armor,armor,HitSet,Heroic,90,15,Defense,310.0,61.0,8.0,21.0,21.0,4,4,true,false,DEBUFFER,4,0,false,REVIEW,Broad role fit with borderline Gear Score
11620972586,11620972586,Weapon,weapon,CriticalSet,Epic,85,15,Attack,500.0,51.54285714285714,39.54285714285714,12.0,39.54285714285714,3,5,true,false,DPS,3,0,false,DELETE_CANDIDATE,Low-quality spread with weak role signal
11625587486,11625587486,Ring,ring,SpeedSet,Epic,88,15,AttackPercent,65.0,72.6,57.6,31.0,72.6,2,5,false,false,BRUISER,4,1,true,REVIEW,High Gear Score but incomplete role signal
11625734005,11625734005,Necklace,neck,SpeedSet,Epic,88,15,CriticalHitDamagePercent,70.0,68.2,53.2,33.0,68.2,3,5,true,false,BRUISER,3,2,true,KEEP,Strong slot/main-stat role fit
11629086121,11629086121,Weapon,weapon,ImmunitySet,Epic,90,15,Attack,525.0,64.11428571428571,59.11428571428571,0.0,59.11428571428571,3,5,true,false,DPS,3,0,false,REVIEW,Broad role fit with borderline Gear Score
11629097194,11629097194,Boots,boot,ImmunitySet,Epic,90,15,Speed,45.0,66.0,21.0,45.0,42.0,2,5,false,true,BRUISER,2,2,true,KEEP,Modified substat (safe)
11629100341,11629100341,Boots,boot,SpeedSet,Epic,90,15,Speed,45.0,69.85714285714286,30.857142857142854,21.0,30.857142857142854,2,5,false,false,DPS,2,1,true,REVIEW,High Gear Score but incomplete role signal
11629101558,11629101558,Boots,boot,SpeedSet,Epic,90,15,Speed,45.0,59.0,0.0,47.0,36.0,3,5,true,true,BRUISER,2,2,true,KEEP,Modified substat (safe)
11630965105,11630965105,Weapon,weapon,ProtectionSet,Epic,90,15,Attack,525.0,72.28571428571428,72.28571428571428,8.0,72.28571428571428,3,5,true,false,DPS,4,0,false,REVIEW,High Gear Score but incomplete role signal
11630966337,11630966337,Weapon,weapon,HealthSet,Epic,90,15,Attack,525.0,70.85714285714286,46.857142857142854,15.0,46.857142857142854,2,5,false,false,DPS,2,0,false,REVIEW,High Gear Score but incomplete role signal
11630966369,11630966369,Weapon,weapon,AttackSet,Epic,90,15,Attack,525.0,60.42857142857143,45.42857142857143,18.0,45.42857142857143,2,5,false,true,DPS,3,0,false,KEEP,Modified substat (safe)
11643948783,11643948783,Armor,armor,HitSet,Epic,85,15,Defense,300.0,59.0,16.0,44.0,28.0,2,5,false,false,SUPPORT,3,0,false,REVIEW,Broad role fit with borderline Gear Score
11644384083,11644384083,Boots,boot,SpeedSet,Epic,88,15,Speed,45.0,65.71428571428572,45.714285714285715,20.0,45.714285714285715,2,5,false,false,DPS,3,1,true,REVIEW,One core stat with preferred main stat
11644384593,11644384593,Boots,boot,HitSet,Epic,88,15,Speed,45.0,61.0,0.0,37.0,30.0,2,5,false,false,BRUISER,2,2,true,KEEP,Strong slot/main-stat role fit
11644384974,11644384974,Ring,ring,HitSet,Epic,88,15,EffectivenessPercent,65.0,67.0,28.0,55.0,67.0,2,5,false,false,BRUISER,3,2,false,KEEP,Strong slot role fit with high Gear Score
11644392243,11644392243,Boots,boot,SpeedSet,Epic,90,15,Speed,45.0,70.63806451612903,0.0,33.0,52.638064516129035,2,5,false,false,BRUISER,2,2,true,KEEP,Strong slot/main-stat role fit
11644407746,11644407746,Boots,boot,SpeedSet,Epic,90,15,Speed,45.0,62.42857142857143,57.42857142857143,5.0,57.42857142857143,2,5,false,false,DPS,3,1,true,REVIEW,One core stat with preferred main stat
11644410588,11644410588,Boots,boot,SpeedSet,Epic,90,15,Speed,45.0,58.52492610837439,45.14285714285714,5.0,58.52492610837439,4,5,true,false,DPS,2,1,true,KEEP,Spike with coherent role fit
11644411724,11644411724,Boots,boot,SpeedSet,Epic,90,15,Speed,45.0,66.97142857142856,49.97142857142857,17.0,49.97142857142857,3,5,true,true,DPS,3,1,true,KEEP,Modified substat (safe)
11644414335,11644414335,Ring,ring,DestructionSet,Epic,90,15,AttackPercent,65.0,74.42857142857143,61.42857142857143,39.0,61.42857142857143,2,5,false,false,SUPPORT,2,1,false,REVIEW,High Gear Score but incomplete role signal
11644415093,11644415093,Weapon,weapon,ImmunitySet,Epic,90,15,Attack,525.0,63.09758620689655,58.8,16.0,63.09758620689655,3,5,true,false,DPS,3,0,false,REVIEW,Broad role fit with borderline Gear Score
11645393131,11645393131,Weapon,weapon,HitSet,Epic,88,15,Attack,515.0,66.0,39.0,38.0,53.0,2,5,false,false,DEBUFFER,3,0,false,REVIEW,High Gear Score but incomplete role signal
11645393247,11645393247,Armor,armor,HitSet,Epic,88,15,Defense,310.0,67.0,42.0,44.0,60.0,2,5,false,false,BRUISER,3,0,false,REVIEW,High Gear Score but incomplete role signal
11645393409,11645393409,Helmet,helm,HitSet,Epic,88,15,Health,2765.0,69.6,53.6,16.0,53.6,2,5,false,false,DPS,3,0,false,REVIEW,High Gear Score but incomplete role signal
11645393503,11645393503,Necklace,neck,HitSet,Epic,88,15,HealthPercent,65.0,67.0,33.0,37.0,52.0,2,5,false,false,DEBUFFER,3,1,true,REVIEW,High Gear Score but incomplete role signal
11645396179,11645396179,Ring,ring,DestructionSet,Epic,88,15,AttackPercent,65.0,64.71428571428572,31.714285714285715,43.0,64.71428571428572,4,5,true,false,BRUISER,4,1,true,KEEP,Spike with coherent role fit
11656511037,11656511037,Helmet,helm,ResistSet,Epic,88,15,Health,2765.0,66.0,14.0,66.0,38.0,3,5,true,false,SUPPORT,4,0,false,REVIEW,High Gear Score but incomplete role signal
11656546520,11656546520,Weapon,weapon,DestructionSet,Epic,90,15,Attack,525.0,70.6,54.6,26.0,54.6,2,5,false,false,DPS,3,0,false,REVIEW,High Gear Score but incomplete role signal
11656546528,11656546528,Weapon,weapon,ResistSet,Epic,90,15,Attack,525.0,60.85714285714286,18.857142857142858,54.0,48.857142857142854,3,5,true,false,SUPPORT,3,0,false,REVIEW,Broad role fit with borderline Gear Score
11671033910,11671033910,Helmet,helm,DestructionSet,Heroic,90,15,Health,2835.0,60.8,54.8,48.0,54.8,4,4,true,true,DPS,3,0,false,KEEP,Modified substat (safe)
11678501314,11678501314,Ring,ring,HealthSet,Epic,90,15,HealthPercent,65.0,67.85714285714286,38.857142857142854,53.0,51.857142857142854,2,5,false,false,SUPPORT,3,2,true,KEEP,Strong slot/main-stat role fit
11686235139,11686235139,Weapon,weapon,CounterSet,Epic,90,15,Attack,525.0,62.15041871921182,48.857142857142854,34.0,57.15041871921182,3,5,true,false,DPS,2,0,false,KEEP,Exceptional Speed safety rule
11695023397,11695023397,Necklace,neck,SpeedSet,Epic,88,15,HealthPercent,65.0,76.2,53.2,49.0,69.2,2,5,false,false,BRUISER,3,2,true,KEEP,Strong slot/main-stat role fit
11695028569,11695028569,Boots,boot,ImmunitySet,Epic,88,15,Speed,45.0,70.0,8.0,62.0,36.0,3,5,true,false,BRUISER,3,2,true,KEEP,Strong slot/main-stat role fit
11709410279,11709410279,Weapon,weapon,SpeedSet,Epic,88,15,Attack,515.0,68.5142857142857,68.5142857142857,18.0,68.5142857142857,2,5,false,false,DPS,4,0,false,REVIEW,High Gear Score but incomplete role signal
11724153112,11724153112,Ring,ring,SpeedSet,Epic,88,15,AttackPercent,65.0,76.74285714285715,50.74285714285715,50.0,76.74285714285715,2,5,false,false,BRUISER,4,1,true,REVIEW,High Gear Score but incomplete role signal
11743488106,11743488106,Helmet,helm,HitSet,Epic,85,15,Health,2700.0,63.57142857142857,56.57142857142857,12.0,56.57142857142857,3,5,true,false,DPS,3,0,false,REVIEW,Broad role fit with borderline Gear Score
11749809218,11749809218,Armor,armor,HitSet,Epic,85,15,Defense,300.0,57.57142857142857,42.57142857142857,29.0,57.57142857142857,3,5,true,false,BRUISER,4,0,false,DELETE_CANDIDATE,Low-quality spread with weak role signal
11757299001,11757299001,Weapon,weapon,TorrentSet,Epic,88,15,Attack,515.0,73.54285714285714,73.54285714285714,24.0,73.54285714285714,2,5,false,false,DPS,4,0,false,REVIEW,High Gear Score but incomplete role signal
11757299076,11757299076,Necklace,neck,ResistSet,Epic,88,15,HealthPercent,65.0,68.0,22.0,46.0,31.0,2,5,false,false,DEBUFFER,3,1,true,REVIEW,High Gear Score but incomplete role signal
11757299169,11757299169,Armor,armor,PenetrationSet,Epic,88,15,Defense,310.0,68.71428571428571,59.714285714285715,39.0,68.71428571428571,3,5,true,false,BRUISER,4,0,false,KEEP,Exceptional Speed safety rule
11760099447,11760099447,Necklace,neck,HitSet,Epic,85,15,HealthPercent,60.0,57.15096774193548,38.0,0.0,43.15096774193548,3,5,true,false,DPS,2,2,false,REVIEW,Multiple slot-preferred stats but incomplete main-stat fit
11760105371,11760105371,Boots,boot,PenetrationSet,Epic,88,15,Speed,45.0,71.14285714285714,62.14285714285714,9.0,71.14285714285714,3,5,true,false,DPS,3,1,true,KEEP,Spike with coherent role fit
11764128874,11764128874,Ring,ring,SpeedSet,Epic,85,15,EffectResistancePercent,60.0,58.114285714285714,44.114285714285714,22.0,58.114285714285714,2,5,false,false,SUPPORT,2,1,true,REVIEW,One core stat with preferred main stat
11764128883,11764128883,Necklace,neck,SpeedSet,Epic,90,15,HealthPercent,65.0,72.85714285714286,27.857142857142854,8.0,27.857142857142854,4,5,true,false,DPS,3,2,false,KEEP,Strong slot role fit with high Gear Score
11764408526,11764408526,Helmet,helm,ImmunitySet,Epic,85,15,Health,2700.0,59.57142857142857,24.57142857142857,47.0,52.57142857142857,3,5,true,false,BRUISER,3,0,false,REVIEW,Broad role fit with borderline Gear Score
11777143773,11777143773,Ring,ring,TorrentSet,Epic,88,15,AttackPercent,65.0,72.08571428571429,63.08571428571428,25.0,72.08571428571429,3,5,true,false,BRUISER,4,1,true,KEEP,Spike with coherent role fit
11791114596,11791114596,Helmet,helm,ResistSet,Epic,88,15,Health,2765.0,72.0,24.0,72.0,55.0,2,5,false,false,SUPPORT,4,0,false,REVIEW,High Gear Score but incomplete role signal
11796966725,11796966725,Armor,armor,DestructionSet,Epic,88,15,Defense,310.0,70.8,38.8,58.0,70.8,2,5,false,false,BRUISER,4,0,false,REVIEW,High Gear Score but incomplete role signal
11814096681,11814096681,Ring,ring,DestructionSet,Epic,88,15,AttackPercent,65.0,70.8,54.8,42.0,70.8,2,5,false,false,BRUISER,4,1,true,REVIEW,High Gear Score but incomplete role signal
11815338603,11815338603,Ring,ring,ImmunitySet,Epic,88,15,EffectResistancePercent,65.0,72.0,10.0,40.0,40.0,3,5,true,false,SUPPORT,3,2,true,KEEP,Strong slot/main-stat role fit
11815338696,11815338696,Necklace,neck,ImmunitySet,Epic,88,15,HealthPercent,65.0,64.0,30.0,56.0,52.0,2,5,false,false,BRUISER,3,2,true,KEEP,Strong slot/main-stat role fit
11826428400,11826428400,Helmet,helm,CriticalSet,Epic,88,15,Health,2765.0,68.14285714285714,39.14285714285714,43.0,68.14285714285714,3,5,true,false,BRUISER,4,0,false,REVIEW,High Gear Score but incomplete role signal
11827322832,11827322832,Armor,armor,SpeedSet,Epic,90,15,Defense,310.0,66.92958128078817,50.74285714285715,8.0,66.92958128078817,4,5,true,false,BRUISER,3,0,false,REVIEW,High Gear Score but incomplete role signal
11836851328,11836851328,Armor,armor,SpeedSet,Epic,85,15,Defense,300.0,63.8,42.8,35.0,50.8,3,5,true,false,BRUISER,3,0,false,REVIEW,Broad role fit with borderline Gear Score
11840051920,11840051920,Helmet,helm,DestructionSet,Epic,88,15,Health,2765.0,70.0,70.0,30.0,70.0,3,5,true,false,DPS,4,0,false,KEEP,Exceptional Speed safety rule
11840333906,11840333906,Weapon,weapon,DestructionSet,Epic,88,15,Attack,515.0,73.14285714285714,73.14285714285714,16.0,73.14285714285714,2,5,false,false,DPS,4,0,false,REVIEW,High Gear Score but incomplete role signal
11842795198,11842795198,Weapon,weapon,CriticalSet,Epic,88,15,Attack,515.0,74.14285714285714,49.14285714285714,33.0,74.14285714285714,2,5,false,false,BRUISER,4,0,false,REVIEW,High Gear Score but incomplete role signal
11857441902,11857441902,Necklace,neck,RageSet,Epic,88,15,CriticalHitDamagePercent,70.0,66.0,16.0,58.0,35.0,3,5,true,false,BRUISER,3,2,true,KEEP,Strong slot/main-stat role fit
11857446422,11857446422,Helmet,helm,ImmunitySet,Epic,90,15,Health,2835.0,67.6,33.6,58.0,38.6,3,5,true,true,SUPPORT,3,0,false,KEEP,Modified substat (safe)
11857446428,11857446428,Helmet,helm,ImmunitySet,Epic,85,15,Health,2700.0,59.272903225806445,28.8,33.0,34.27290322580645,3,5,true,false,SUPPORT,2,0,false,REVIEW,Broad role fit with borderline Gear Score
11857446433,11857446433,Helmet,helm,ImmunitySet,Epic,85,15,Health,2700.0,58.2,27.200000000000003,31.0,53.2,3,5,true,false,BRUISER,3,0,false,REVIEW,Broad role fit with borderline Gear Score
11857527798,11857527798,Weapon,weapon,DestructionSet,Epic,88,15,Attack,515.0,75.6,75.6,10.0,75.6,3,5,true,false,DPS,4,0,false,REVIEW,High Gear Score but incomplete role signal
11872833926,11872833926,Armor,armor,CounterSet,Epic,85,15,Defense,300.0,56.71428571428571,29.71428571428571,27.0,56.71428571428571,2,5,false,false,BRUISER,4,0,false,DELETE_CANDIDATE,Low-quality spread with weak role signal
11898671762,11898671762,Necklace,neck,CounterSet,Epic,85,15,AttackPercent,60.0,59.0,26.0,43.0,45.0,2,5,false,false,BRUISER,3,2,false,REVIEW,Multiple slot-preferred stats but incomplete main-stat fit
11898679320,11898679320,Weapon,weapon,LifestealSet,Epic,90,15,Attack,525.0,74.6,65.6,9.0,74.6,4,5,true,false,DPS,3,0,false,REVIEW,High Gear Score but incomplete role signal
11898683934,11898683934,Ring,ring,DestructionSet,Epic,90,15,AttackPercent,65.0,60.662564102564104,30.0,47.0,52.662564102564104,3,5,true,false,SUPPORT,3,2,false,KEEP,Exceptional Speed safety rule
11898951970,11898951970,Helmet,helm,SpeedSet,Epic,88,15,Health,2765.0,68.0,22.0,68.0,47.0,2,5,false,false,SUPPORT,4,0,false,REVIEW,High Gear Score but incomplete role signal
11899122979,11899122979,Ring,ring,ResistSet,Epic,88,15,HealthPercent,65.0,68.0,24.0,47.0,39.0,2,5,false,false,SUPPORT,3,2,true,KEEP,Strong slot/main-stat role fit
11900758078,11900758078,Ring,ring,LifestealSet,Epic,90,15,HealthPercent,65.0,71.0,20.0,54.0,20.0,4,5,true,false,SUPPORT,2,1,true,KEEP,Spike with coherent role fit
11900770698,11900770698,Weapon,weapon,DestructionSet,Epic,90,15,Attack,525.0,60.368620689655174,56.0,26.0,60.368620689655174,3,5,true,false,DPS,3,0,false,REVIEW,Broad role fit with borderline Gear Score
11900770699,11900770699,Armor,armor,CounterSet,Epic,90,15,Defense,310.0,67.40492610837438,63.14285714285714,30.0,67.40492610837438,3,5,true,false,DPS,3,0,false,KEEP,Exceptional Speed safety rule
11927651554,11927651554,Boots,boot,ResistSet,Epic,90,15,AttackPercent,65.0,64.0,36.0,33.0,41.0,3,5,true,false,BRUISER,3,2,false,KEEP,Spike with coherent role fit
11927741293,11927741293,Armor,armor,DestructionSet,Epic,90,15,Defense,310.0,61.4,20.4,55.0,61.4,4,5,true,false,BRUISER,4,0,false,REVIEW,Broad role fit with borderline Gear Score
11927752710,11927752710,Boots,boot,DestructionSet,Epic,85,15,HealthPercent,60.0,57.08571428571429,39.08571428571429,18.0,49.08571428571429,2,5,false,false,BRUISER,3,1,true,REVIEW,One core stat with preferred main stat
11934693789,11934693789,Armor,armor,CounterSet,Epic,90,15,Defense,310.0,64.59568965517241,31.6,43.0,64.59568965517241,3,5,true,false,BRUISER,3,0,false,REVIEW,Broad role fit with borderline Gear Score
11938172161,11938172161,Helmet,helm,DestructionSet,Epic,88,15,Health,2765.0,65.85714285714286,65.85714285714286,30.0,65.85714285714286,3,5,true,false,DPS,4,0,false,KEEP,Exceptional Speed safety rule
11942088795,11942088795,Weapon,weapon,CounterSet,Epic,90,15,Attack,525.0,72.2,72.2,18.0,72.2,2,5,false,true,DPS,4,0,false,KEEP,Modified substat (safe)
11948434140,11948434140,Weapon,weapon,LifestealSet,Epic,90,15,Attack,525.0,76.79261083743842,27.885714285714286,45.0,76.79261083743842,4,5,true,false,BRUISER,3,0,false,REVIEW,High Gear Score but incomplete role signal
11952384266,11952384266,Armor,armor,LifestealSet,Epic,90,15,Defense,310.0,72.45714285714286,58.457142857142856,34.0,58.457142857142856,3,5,true,false,DPS,3,0,false,KEEP,Exceptional Speed safety rule
12124576464,12124576464,Weapon,weapon,SpeedSet,Epic,88,15,Attack,515.0,66.4,53.400000000000006,14.0,53.400000000000006,2,5,false,false,DPS,3,0,false,REVIEW,High Gear Score but incomplete role signal
12124576465,12124576465,Helmet,helm,SpeedSet,Epic,88,15,Health,2765.0,68.0,47.0,37.0,68.0,2,5,false,false,DPS,3,0,false,REVIEW,High Gear Score but incomplete role signal
12124576466,12124576466,Armor,armor,SpeedSet,Epic,88,15,Defense,310.0,66.0,28.0,58.0,58.0,3,5,true,false,DEBUFFER,4,0,false,REVIEW,High Gear Score but incomplete role signal
12387968385,12387968385,Weapon,weapon,SpeedSet,Epic,88,15,Attack,515.0,66.8,50.8,8.0,50.8,2,5,false,false,DPS,3,0,false,REVIEW,High Gear Score but incomplete role signal
12387968387,12387968387,Helmet,helm,SpeedSet,Epic,88,15,Health,2765.0,68.8,60.8,24.0,68.8,3,5,true,false,DPS,3,0,false,REVIEW,High Gear Score but incomplete role signal
12387968389,12387968389,Armor,armor,SpeedSet,Epic,88,15,Defense,310.0,70.0,16.0,47.0,47.0,2,5,false,false,DEBUFFER,4,0,false,REVIEW,High Gear Score but incomplete role signal
12388449132,12388449132,Weapon,weapon,SpeedSet,Epic,88,15,Attack,515.0,71.25714285714285,71.25714285714285,18.0,71.25714285714285,3,5,true,false,DPS,4,0,false,REVIEW,High Gear Score but incomplete role signal
12390644625,12390644625,Necklace,neck,SpeedSet,Epic,88,15,HealthPercent,65.0,70.0,24.0,47.0,55.0,3,5,true,false,DEBUFFER,3,1,true,KEEP,Spike with coherent role fit
12390644626,12390644626,Ring,ring,SpeedSet,Epic,88,15,HealthPercent,65.0,70.0,45.0,39.0,62.0,2,5,false,false,DEBUFFER,3,1,true,REVIEW,High Gear Score but incomplete role signal
12390644627,12390644627,Boots,boot,SpeedSet,Epic,88,15,Speed,45.0,74.0,32.0,42.0,74.0,2,5,false,false,BRUISER,3,2,true,KEEP,Strong slot/main-stat role fit
12390650997,12390650997,Boots,boot,CriticalSet,Epic,90,15,HealthPercent,65.0,68.19170506912442,55.31428571428572,24.0,68.19170506912442,2,5,false,false,BRUISER,3,1,true,REVIEW,High Gear Score but incomplete role signal
12390655669,12390655669,Weapon,weapon,CriticalSet,Epic,85,15,Attack,500.0,54.57142857142857,30.57142857142857,34.0,54.57142857142857,3,5,true,false,BRUISER,4,0,false,DELETE_CANDIDATE,Low-quality spread with weak role signal
12391566653,12391566653,Ring,ring,ImmunitySet,Epic,85,15,DefensePercent,60.0,56.336129032258064,16.0,47.0,46.336129032258064,2,5,false,false,SUPPORT,3,2,true,KEEP,Strong slot/main-stat role fit
12393030366,12393030366,Helmet,helm,SpeedSet,Epic,88,15,Health,2765.0,65.65714285714286,65.65714285714286,16.0,65.65714285714286,2,5,false,false,DPS,4,0,false,REVIEW,Broad role fit with borderline Gear Score
12393284192,12393284192,Boots,boot,SpeedSet,Epic,90,15,Speed,45.0,72.57142857142857,12.571428571428571,52.0,21.57142857142857,4,5,true,true,SUPPORT,2,1,true,KEEP,Modified substat (safe)
12393284282,12393284282,Boots,boot,SpeedSet,Epic,90,15,Speed,45.0,68.4,14.4,30.0,44.4,2,5,false,false,BRUISER,3,2,true,KEEP,Strong slot/main-stat role fit
12393285137,12393285137,Necklace,neck,SpeedSet,Epic,88,15,CriticalHitDamagePercent,70.0,61.22870967741935,28.8,21.0,61.22870967741935,3,5,true,false,BRUISER,3,3,true,KEEP,Strong slot/main-stat role fit
12393285383,12393285383,Ring,ring,SpeedSet,Epic,88,15,AttackPercent,65.0,64.16345622119816,57.885714285714286,22.0,64.16345622119816,2,5,false,false,DPS,3,0,true,REVIEW,Broad role fit with borderline Gear Score
12393298339,12393298339,Necklace,neck,TorrentSet,Epic,90,15,DefensePercent,65.0,67.0,42.0,44.0,42.0,3,5,true,false,DPS,2,1,false,KEEP,Exceptional Speed safety rule
12393306657,12393306657,Helmet,helm,ImmunitySet,Epic,85,15,Health,2700.0,59.0,22.0,29.0,37.0,3,5,true,false,DEBUFFER,3,0,false,REVIEW,Broad role fit with borderline Gear Score
12393306810,12393306810,Helmet,helm,ImmunitySet,Epic,90,15,Health,2835.0,72.14285714285714,25.142857142857142,40.0,65.14285714285714,4,5,true,false,BRUISER,3,0,false,REVIEW,High Gear Score but incomplete role signal
12393306977,12393306977,Weapon,weapon,TorrentSet,Epic,85,15,Attack,500.0,60.400000000000006,37.400000000000006,23.0,37.400000000000006,3,5,true,false,DPS,3,0,false,REVIEW,Broad role fit with borderline Gear Score
12393306979,12393306979,Weapon,weapon,TorrentSet,Epic,90,15,Attack,525.0,61.04660098522167,36.57142857142857,44.0,41.04660098522167,2,5,false,false,SUPPORT,2,0,false,REVIEW,Broad role fit with borderline Gear Score
12393306983,12393306983,Weapon,weapon,TorrentSet,Epic,90,15,Attack,525.0,64.25714285714285,57.25714285714285,35.0,64.25714285714285,3,5,true,false,BRUISER,4,0,false,REVIEW,Broad role fit with borderline Gear Score
12393306984,12393306984,Weapon,weapon,TorrentSet,Epic,90,15,Attack,525.0,61.457142857142856,61.457142857142856,4.0,61.457142857142856,3,5,true,false,DPS,4,0,false,REVIEW,Broad role fit with borderline Gear Score
12393402912,12393402912,Weapon,weapon,HitSet,Epic,85,15,Attack,500.0,63.4,28.4,22.0,36.4,3,5,true,false,DEBUFFER,3,0,false,REVIEW,Broad role fit with borderline Gear Score
12393409397,12393409397,Armor,armor,HitSet,Epic,85,15,Defense,300.0,63.0,8.0,47.0,21.0,3,5,true,false,SUPPORT,3,0,false,REVIEW,Broad role fit with borderline Gear Score
12393413182,12393413182,Helmet,helm,SpeedSet,Epic,90,15,Health,2835.0,70.43870967741935,49.0,57.0,70.43870967741935,4,5,true,false,BRUISER,2,0,false,KEEP,Exceptional Speed safety rule
12393417124,12393417124,Ring,ring,SpeedSet,Epic,85,15,DefensePercent,60.0,63.2,49.2,8.0,49.2,3,5,true,false,DPS,3,1,false,KEEP,Spike with coherent role fit
12393419907,12393419907,Armor,armor,HitSet,Epic,85,15,Defense,300.0,60.65714285714285,39.65714285714286,41.0,39.65714285714286,2,5,false,false,DPS,3,0,false,REVIEW,Broad role fit with borderline Gear Score
12396933560,12396933560,Armor,armor,PenetrationSet,Epic,88,15,Defense,310.0,69.54285714285714,53.542857142857144,38.0,69.54285714285714,2,5,false,false,BRUISER,4,0,false,REVIEW,High Gear Score but incomplete role signal
12396988138,12396988138,Ring,ring,ResistSet,Epic,88,15,EffectResistancePercent,65.0,60.0,14.0,41.0,41.0,2,5,false,false,SUPPORT,3,2,true,KEEP,Strong slot/main-stat role fit
12397024627,12397024627,Necklace,neck,ImmunitySet,Epic,88,15,HealthPercent,65.0,63.0,8.0,43.0,31.0,2,5,false,false,DEBUFFER,3,1,true,REVIEW,One core stat with preferred main stat
12397073273,12397073273,Weapon,weapon,TorrentSet,Epic,88,15,Attack,515.0,62.714285714285715,62.714285714285715,12.0,62.714285714285715,2,5,false,false,DPS,4,0,false,REVIEW,Broad role fit with borderline Gear Score
12397120816,12397120816,Helmet,helm,PenetrationSet,Epic,88,15,Health,2765.0,63.4,63.4,28.0,63.4,3,5,true,false,DPS,4,0,false,REVIEW,Broad role fit with borderline Gear Score
12399315082,12399315082,Armor,armor,SpeedSet,Epic,88,15,Defense,310.0,69.4,48.4,47.0,69.4,2,5,false,false,BRUISER,4,0,false,REVIEW,High Gear Score but incomplete role signal
12405187083,12405187083,Weapon,weapon,InjurySet,Epic,90,15,Attack,525.0,58.0,47.0,39.0,53.0,3,5,true,false,SUPPORT,3,0,false,REVIEW,Broad role fit with borderline Gear Score
12405190152,12405190152,Helmet,helm,PenetrationSet,Epic,90,15,Health,2835.0,72.14285714285714,63.14285714285714,0.0,63.14285714285714,3,5,true,false,DPS,3,0,false,REVIEW,High Gear Score but incomplete role signal
12405196619,12405196619,Armor,armor,TorrentSet,Epic,85,15,Defense,300.0,58.0,24.0,50.0,58.0,3,5,true,false,BRUISER,4,0,false,REVIEW,Broad role fit with borderline Gear Score
12405206747,12405206747,Necklace,neck,InjurySet,Epic,85,15,CriticalHitDamagePercent,65.0,59.8,40.8,7.0,40.8,2,5,false,false,DPS,2,2,true,KEEP,Strong slot/main-stat role fit
12405210920,12405210920,Weapon,weapon,PenetrationSet,Epic,90,15,Attack,525.0,74.22655172413793,70.0,36.0,74.22655172413793,3,5,true,false,DPS,3,0,false,KEEP,Exceptional Speed safety rule
12405224921,12405224921,Armor,armor,TorrentSet,Epic,85,15,Defense,300.0,67.42857142857143,35.42857142857143,32.0,59.42857142857143,2,5,false,false,BRUISER,3,0,false,REVIEW,High Gear Score but incomplete role signal
12407006272,12407006272,Necklace,neck,TorrentSet,Epic,90,15,CriticalHitDamagePercent,70.0,64.8,58.8,20.0,64.8,3,5,true,false,DPS,3,2,true,KEEP,Strong slot/main-stat role fit
12407181161,12407181161,Weapon,weapon,InjurySet,Epic,90,15,Attack,525.0,68.85714285714286,48.857142857142854,39.0,48.857142857142854,3,5,true,false,DEBUFFER,2,0,false,KEEP,Exceptional Speed safety rule
12407196426,12407196426,Weapon,weapon,RevengeSet,Epic,90,15,Attack,525.0,69.4,69.4,34.0,69.4,3,5,true,true,DPS,4,0,false,KEEP,Modified substat (safe)
12407196427,12407196427,Ring,ring,InjurySet,Epic,85,15,HealthPercent,60.0,63.400000000000006,27.400000000000002,22.0,49.400000000000006,2,5,false,false,BRUISER,2,1,true,REVIEW,One core stat with preferred main stat
12407203422,12407203422,Helmet,helm,PenetrationSet,Epic,90,15,Health,2835.0,57.70205128205128,48.0,17.0,52.70205128205128,4,5,true,false,DPS,2,0,false,DELETE_CANDIDATE,Low-quality spread with weak role signal
12407206686,12407206686,Armor,armor,TorrentSet,Epic,85,15,Defense,300.0,54.205862068965516,30.400000000000002,29.0,33.205862068965516,3,5,true,false,DPS,2,0,false,DELETE_CANDIDATE,Low-quality spread with weak role signal
12412444916,12412444916,Armor,armor,SpeedSet,Epic,88,15,Defense,310.0,72.0,30.0,72.0,48.0,3,5,true,false,SUPPORT,4,0,false,KEEP,Exceptional Speed safety rule
12412669273,12412669273,Helmet,helm,InjurySet,Epic,90,15,Health,2835.0,64.39076923076924,47.6,38.0,52.39076923076923,4,5,true,false,DEBUFFER,2,0,false,KEEP,Exceptional Speed safety rule
12417123200,12417123200,Ring,ring,TorrentSet,Epic,90,15,AttackPercent,65.0,59.13516483516484,35.14285714285714,46.0,59.13516483516484,3,5,true,true,BRUISER,3,1,true,KEEP,Modified substat (safe)
12417124686,12417124686,Helmet,helm,ImmunitySet,Epic,90,15,Health,2835.0,74.0,32.0,74.0,56.0,3,5,true,false,SUPPORT,4,0,false,KEEP,Exceptional Speed safety rule
12417135316,12417135316,Boots,boot,SpeedSet,Epic,90,15,Speed,45.0,66.85714285714286,39.857142857142854,27.0,66.85714285714286,3,5,true,false,BRUISER,3,2,true,KEEP,Strong slot/main-stat role fit
12417360618,12417360618,Ring,ring,PenetrationSet,Epic,85,15,EffectResistancePercent,60.0,52.37142857142857,29.37142857142857,20.0,29.37142857142857,3,5,true,false,DEBUFFER,2,1,false,DELETE_CANDIDATE,Low-quality spread with weak role signal
12417499067,12417499067,Armor,armor,WarfareSet,Epic,85,15,Defense,300.0,61.2,27.200000000000003,34.0,48.2,3,5,true,false,BRUISER,3,0,false,REVIEW,Broad role fit with borderline Gear Score
12417504035,12417504035,Armor,armor,WarfareSet,Epic,85,15,Defense,300.0,53.714285714285715,23.714285714285715,35.0,23.714285714285715,3,5,true,false,SUPPORT,2,0,false,DELETE_CANDIDATE,Low-quality spread with weak role signal
12417509178,12417509178,Armor,armor,PursuitSet,Epic,90,15,Defense,310.0,63.0,26.0,58.0,58.0,2,5,false,false,DEBUFFER,4,0,false,REVIEW,Broad role fit with borderline Gear Score
12417560554,12417560554,Helmet,helm,WarfareSet,Epic,85,15,Health,2700.0,59.42857142857143,19.428571428571427,40.0,38.42857142857143,2,5,false,false,SUPPORT,3,0,false,REVIEW,Broad role fit with borderline Gear Score
12417565280,12417565280,Boots,boot,WarfareSet,Epic,90,15,Speed,45.0,72.0,24.0,48.0,55.0,3,5,true,false,BRUISER,3,1,true,KEEP,Spike with coherent role fit
12419971317,12419971317,Necklace,neck,TorrentSet,Epic,85,15,CriticalHitDamagePercent,65.0,56.697096774193554,47.2,16.0,56.697096774193554,2,5,false,false,DPS,3,2,true,KEEP,Strong slot/main-stat role fit
12419975037,12419975037,Necklace,neck,TorrentSet,Epic,90,15,CriticalHitDamagePercent,70.0,75.6,69.6,32.0,75.6,2,5,false,false,DPS,3,2,true,KEEP,Strong slot/main-stat role fit
12419988646,12419988646,Armor,armor,ProtectionSet,Epic,90,15,Defense,310.0,67.6,25.6,58.0,67.6,4,5,true,false,BRUISER,4,0,false,REVIEW,High Gear Score but incomplete role signal
12419993000,12419993000,Armor,armor,SpeedSet,Epic,85,15,Defense,300.0,56.22857142857143,36.22857142857143,40.0,56.22857142857143,2,5,false,false,BRUISER,4,0,false,DELETE_CANDIDATE,Low-quality spread with weak role signal
12422350509,12422350509,Ring,ring,DefenseSet,Epic,90,15,HealthPercent,65.0,67.71428571428572,35.714285714285715,54.0,35.714285714285715,3,5,true,false,SUPPORT,2,1,true,KEEP,Spike with coherent role fit
12422364328,12422364328,Boots,boot,ProtectionSet,Epic,90,15,Speed,45.0,65.2,50.2,15.0,65.2,3,5,true,false,BRUISER,3,1,true,KEEP,Spike with coherent role fit
12422366798,12422366798,Helmet,helm,ProtectionSet,Epic,90,15,Health,2835.0,63.0,6.0,36.0,11.0,3,5,true,false,DEBUFFER,3,0,false,REVIEW,Broad role fit with borderline Gear Score
12422369338,12422369338,Weapon,weapon,TorrentSet,Epic,90,15,Attack,525.0,62.51428571428571,62.51428571428571,12.0,62.51428571428571,2,5,false,true,DPS,4,0,false,KEEP,Modified substat (safe)
12422369647,12422369647,Weapon,weapon,PenetrationSet,Epic,90,15,Attack,525.0,66.71428571428571,19.714285714285715,61.0,57.714285714285715,4,5,true,false,SUPPORT,3,0,false,REVIEW,High Gear Score but incomplete role signal
12422369648,12422369648,Weapon,weapon,InjurySet,Epic,85,15,Attack,500.0,56.57142857142857,39.57142857142857,20.0,39.57142857142857,2,5,false,false,DPS,3,0,false,DELETE_CANDIDATE,Low-quality spread with weak role signal
12422369984,12422369984,Helmet,helm,InjurySet,Epic,85,15,Health,2700.0,59.4,31.4,20.0,51.4,2,5,false,false,BRUISER,2,0,false,REVIEW,Broad role fit with borderline Gear Score
12424761068,12424761068,Helmet,helm,DestructionSet,Epic,88,15,Health,2765.0,65.0,18.0,57.0,65.0,4,5,true,false,BRUISER,4,0,false,REVIEW,Broad role fit with borderline Gear Score
12424785583,12424785583,Armor,armor,SpeedSet,Epic,88,15,Defense,310.0,66.0,18.0,41.0,34.0,3,5,true,false,DEBUFFER,3,0,false,REVIEW,High Gear Score but incomplete role signal
12427304360,12427304360,Ring,ring,SpeedSet,Epic,88,15,AttackPercent,65.0,64.0,18.0,52.0,31.0,2,5,false,false,SUPPORT,3,2,false,REVIEW,Multiple slot-preferred stats but incomplete main-stat fit
12427465296,12427465296,Boots,boot,PursuitSet,Epic,90,15,Speed,45.0,73.0,16.0,57.0,49.0,2,5,false,false,BRUISER,3,2,true,KEEP,Strong slot/main-stat role fit
12427497326,12427497326,Necklace,neck,WarfareSet,Epic,90,15,HealthPercent,65.0,62.60564102564103,37.0,9.0,45.60564102564103,4,5,true,false,DPS,1,1,false,KEEP,Spike with coherent role fit
12427518677,12427518677,Armor,armor,PursuitSet,Epic,90,15,Defense,310.0,61.69300492610837,48.857142857142854,43.0,61.69300492610837,4,5,true,false,BRUISER,3,0,false,KEEP,Exceptional Speed safety rule
12427881589,12427881589,Necklace,neck,WarfareSet,Epic,90,15,HealthPercent,65.0,63.114285714285714,63.114285714285714,14.0,63.114285714285714,2,5,false,false,DPS,4,3,false,REVIEW,Multiple slot-preferred stats but incomplete main-stat fit
12427891305,12427891305,Ring,ring,WarfareSet,Epic,90,15,HealthPercent,65.0,74.0,48.0,39.0,48.0,3,5,true,false,DEBUFFER,2,1,true,KEEP,Exceptional Speed safety rule
12427912390,12427912390,Armor,armor,WarfareSet,Epic,85,15,Defense,300.0,60.857142857142854,26.857142857142854,46.0,46.857142857142854,2,5,false,false,BRUISER,3,0,false,REVIEW,Broad role fit with borderline Gear Score
12427979041,12427979041,Necklace,neck,WarfareSet,Epic,90,15,AttackPercent,65.0,63.05692307692308,12.0,58.0,25.056923076923077,4,5,true,false,DEBUFFER,2,1,true,KEEP,Spike with coherent role fit
12427991649,12427991649,Ring,ring,WarfareSet,Epic,90,15,EffectivenessPercent,65.0,71.14285714285714,49.14285714285714,54.0,64.14285714285714,3,5,true,false,SUPPORT,3,2,false,KEEP,Exceptional Speed safety rule
12428034079,12428034079,Armor,armor,PursuitSet,Epic,85,15,Defense,300.0,59.37142857142857,49.37142857142857,10.0,55.37142857142857,3,5,true,false,BRUISER,3,0,false,REVIEW,Broad role fit with borderline Gear Score
12429940102,12429940102,Necklace,neck,WarfareSet,Epic,85,15,CriticalHitDamagePercent,65.0,63.400000000000006,49.400000000000006,22.0,63.400000000000006,2,5,false,false,DPS,3,2,true,KEEP,Strong slot/main-stat role fit
12432499912,12432499912,Necklace,neck,WarfareSet,Epic,90,15,CriticalHitChancePercent,60.0,58.404102564102566,13.0,44.0,58.404102564102566,4,5,true,false,BRUISER,2,1,true,KEEP,Spike with coherent role fit
12432514981,12432514981,Weapon,weapon,PursuitSet,Epic,85,15,Attack,500.0,59.285714285714285,52.285714285714285,17.0,52.285714285714285,4,5,true,false,DPS,3,0,false,REVIEW,Broad role fit with borderline Gear Score
12432532339,12432532339,Boots,boot,SpeedSet,Epic,90,15,Speed,45.0,71.0,8.0,63.0,40.0,3,5,true,false,BRUISER,3,2,true,KEEP,Strong slot/main-stat role fit
12436662681,12436662681,Helmet,helm,PursuitSet,Epic,85,15,Health,2700.0,60.57142857142857,26.57142857142857,40.0,52.57142857142857,3,5,true,false,BRUISER,3,0,false,REVIEW,Broad role fit with borderline Gear Score
12437210039,12437210039,Necklace,neck,ImmunitySet,Epic,88,15,HealthPercent,65.0,72.0,10.0,42.0,33.0,3,5,true,false,DEBUFFER,3,1,true,KEEP,Spike with coherent role fit
12445438932,12445438932,Necklace,neck,ImmunitySet,Epic,90,15,HealthPercent,65.0,68.0,16.0,60.0,43.0,3,5,true,false,SUPPORT,3,1,true,KEEP,Spike with coherent role fit
12445439353,12445439353,Ring,ring,ImmunitySet,Epic,85,15,DefensePercent,60.0,59.0,22.0,52.0,35.0,2,5,false,false,SUPPORT,3,2,true,KEEP,Strong slot/main-stat role fit
12445439725,12445439725,Boots,boot,ImmunitySet,Epic,90,15,Speed,45.0,72.85714285714286,53.857142857142854,19.0,72.85714285714286,2,5,false,false,BRUISER,3,1,true,REVIEW,High Gear Score but incomplete role signal
12445471907,12445471907,Weapon,weapon,PenetrationSet,Epic,88,15,Attack,515.0,64.45714285714286,64.45714285714286,26.0,64.45714285714286,2,5,false,false,DPS,4,0,false,REVIEW,Broad role fit with borderline Gear Score
12449107152,12449107152,Weapon,weapon,PenetrationSet,Epic,88,15,Attack,515.0,71.68571428571428,71.68571428571428,18.0,71.68571428571428,2,5,false,false,DPS,4,0,false,REVIEW,High Gear Score but incomplete role signal
12450130226,12450130226,Ring,ring,PenetrationSet,Epic,88,15,AttackPercent,65.0,74.31428571428572,65.31428571428572,35.0,74.31428571428572,3,5,true,false,BRUISER,4,1,true,KEEP,Spike with coherent role fit
12455167870,12455167870,Ring,ring,DestructionSet,Epic,85,15,HealthPercent,60.0,48.57714285714286,41.65714285714286,6.0,48.57714285714286,3,5,true,true,BRUISER,3,0,true,KEEP,Modified substat (safe)
12455183977,12455183977,Weapon,weapon,SpeedSet,Epic,90,15,Attack,525.0,71.0,16.0,45.0,53.0,4,5,true,false,DEBUFFER,3,0,false,REVIEW,High Gear Score but incomplete role signal
12455646167,12455646167,Boots,boot,SpeedSet,Epic,88,15,Speed,45.0,71.0,57.0,14.0,71.0,2,5,false,false,DPS,3,1,true,REVIEW,High Gear Score but incomplete role signal
12455655556,12455655556,Necklace,neck,DestructionSet,Epic,90,15,CriticalHitDamagePercent,70.0,72.0,64.0,42.0,72.0,3,5,true,false,DPS,3,2,true,KEEP,Exceptional Speed safety rule
12455655746,12455655746,Ring,ring,DestructionSet,Epic,90,15,AttackPercent,65.0,73.0,50.0,57.0,73.0,3,5,true,false,BRUISER,4,1,true,KEEP,Exceptional Speed safety rule
12455688435,12455688435,Ring,ring,SpeedSet,Epic,88,15,HealthPercent,65.0,66.85714285714286,28.857142857142854,21.0,43.857142857142854,2,5,false,true,DEBUFFER,3,1,true,KEEP,Modified substat (safe)
12460196587,12460196587,Boots,boot,DestructionSet,Epic,90,15,Speed,45.0,72.8,54.8,18.0,72.8,2,5,false,false,DPS,3,1,true,REVIEW,High Gear Score but incomplete role signal
12468524907,12468524907,Boots,boot,SpeedSet,Epic,88,15,Speed,45.0,74.0,0.0,65.0,56.0,3,5,true,false,BRUISER,2,2,true,KEEP,Strong slot/main-stat role fit
12473357943,12473357943,Boots,boot,SpeedSet,Epic,85,15,Speed,40.0,56.0,16.0,20.0,36.0,2,5,false,false,BRUISER,2,2,true,KEEP,Strong slot/main-stat role fit
12473358001,12473358001,Boots,boot,SpeedSet,Epic,85,15,Speed,40.0,66.0,22.0,37.0,59.0,3,5,true,false,BRUISER,2,2,true,KEEP,Strong slot/main-stat role fit
12473593068,12473593068,Necklace,neck,PursuitSet,Epic,90,15,HealthPercent,65.0,72.0,36.0,49.0,57.0,2,5,false,false,DEBUFFER,3,1,true,REVIEW,High Gear Score but incomplete role signal
12473593116,12473593116,Necklace,neck,PursuitSet,Epic,85,15,HealthPercent,60.0,58.0,28.0,30.0,42.0,2,5,false,false,DEBUFFER,3,1,true,REVIEW,One core stat with preferred main stat
12473656510,12473656510,Ring,ring,SpeedSet,Epic,85,15,HealthPercent,60.0,60.0,16.0,45.0,32.0,2,5,false,false,SUPPORT,3,2,true,KEEP,Strong slot/main-stat role fit
12473656619,12473656619,Ring,ring,SpeedSet,Epic,85,15,HealthPercent,60.0,61.0,20.0,47.0,40.0,2,5,false,false,SUPPORT,3,2,true,KEEP,Strong slot/main-stat role fit
12473707855,12473707855,Boots,boot,SpeedSet,Epic,90,15,Speed,45.0,68.9558064516129,0.0,63.0,52.9558064516129,2,5,false,false,BRUISER,2,2,true,KEEP,Strong slot/main-stat role fit
12473709187,12473709187,Boots,boot,SpeedSet,Epic,90,15,Speed,45.0,71.25714285714287,52.25714285714285,19.0,71.25714285714287,3,5,true,true,DPS,3,1,true,KEEP,Modified substat (safe)
12475081766,12475081766,Armor,armor,PursuitSet,Epic,85,15,Defense,300.0,58.0,18.0,44.0,44.0,2,5,false,false,DEBUFFER,4,0,false,REVIEW,Broad role fit with borderline Gear Score
12475081814,12475081814,Armor,armor,PursuitSet,Epic,85,15,Defense,300.0,60.0,20.0,46.0,46.0,2,5,false,false,DEBUFFER,4,0,false,REVIEW,Broad role fit with borderline Gear Score
12475252728,12475252728,Helmet,helm,SpeedSet,Epic,85,15,Health,2700.0,67.0,8.0,67.0,45.0,2,5,false,false,SUPPORT,4,0,false,REVIEW,High Gear Score but incomplete role signal
12475252793,12475252793,Helmet,helm,SpeedSet,Epic,85,15,Health,2700.0,64.0,12.0,64.0,41.0,2,5,false,false,SUPPORT,4,0,false,REVIEW,Broad role fit with borderline Gear Score
12475422682,12475422682,Weapon,weapon,SpeedSet,Epic,85,15,Attack,500.0,59.0,22.0,41.0,34.0,2,5,false,false,DEBUFFER,3,0,false,REVIEW,Broad role fit with borderline Gear Score
12475829957,12475829957,Weapon,weapon,SpeedSet,Epic,88,15,Attack,515.0,71.0,48.0,35.0,57.0,2,5,false,false,DEBUFFER,3,0,false,REVIEW,High Gear Score but incomplete role signal
12475907532,12475907532,Helmet,helm,SpeedSet,Epic,88,15,Health,2765.0,78.8,38.8,26.0,54.8,2,5,false,false,BRUISER,3,0,false,REVIEW,High Gear Score but incomplete role signal
12475969394,12475969394,Armor,armor,SpeedSet,Epic,88,15,Defense,310.0,72.6,27.6,63.0,52.6,2,5,false,false,SUPPORT,3,0,false,REVIEW,High Gear Score but incomplete role signal
12477579500,12477579500,Ring,ring,HealthSet,Epic,90,15,AttackPercent,65.0,71.43870967741935,56.0,25.0,71.43870967741935,4,5,true,true,BRUISER,3,1,true,KEEP,Modified substat (safe)
12478253467,12478253467,Ring,ring,SpeedSet,Epic,88,15,AttackPercent,65.0,71.31428571428572,57.31428571428572,32.0,71.31428571428572,2,5,false,false,BRUISER,4,1,true,REVIEW,High Gear Score but incomplete role signal
12482712933,12482712933,Ring,ring,TorrentSet,Epic,90,15,EffectResistancePercent,65.0,69.6236641852771,18.0,58.0,69.6236641852771,4,5,true,false,SUPPORT,2,1,true,KEEP,Spike with coherent role fit
12483746757,12483746757,Necklace,neck,ImmunitySet,Epic,90,15,HealthPercent,65.0,61.0,6.0,47.0,42.0,4,5,true,false,DEBUFFER,3,1,true,KEEP,Spike with coherent role fit
12484890181,12484890181,Necklace,neck,SpeedSet,Epic,88,15,CriticalHitDamagePercent,70.0,69.0,46.0,41.0,69.0,2,5,false,false,BRUISER,3,2,true,KEEP,Strong slot/main-stat role fit
12484917875,12484917875,Boots,boot,ImmunitySet,Epic,90,15,Speed,45.0,70.42857142857143,61.42857142857143,9.0,70.42857142857143,3,5,true,false,DPS,3,1,true,KEEP,Spike with coherent role fit
12484918251,12484918251,Boots,boot,ImmunitySet,Epic,90,15,Speed,45.0,66.0,0.0,52.0,36.0,2,5,false,false,BRUISER,2,2,true,KEEP,Strong slot/main-stat role fit
12486120940,12486120940,Armor,armor,DestructionSet,Epic,85,15,Defense,300.0,56.82857142857142,33.82857142857143,8.0,33.82857142857143,3,5,true,false,DPS,3,0,false,DELETE_CANDIDATE,Low-quality spread with weak role signal
12487345374,12487345374,Weapon,weapon,ImmunitySet,Epic,90,15,Attack,525.0,75.14285714285714,75.14285714285714,16.0,75.14285714285714,2,5,false,false,DPS,4,0,false,REVIEW,High Gear Score but incomplete role signal
12488615295,12488615295,Armor,armor,TorrentSet,Epic,85,15,Defense,300.0,66.8,50.8,30.0,50.8,2,5,false,false,DPS,3,0,false,REVIEW,High Gear Score but incomplete role signal
12489833970,12489833970,Weapon,weapon,DestructionSet,Epic,85,15,Attack,500.0,58.114285714285714,58.114285714285714,16.0,58.114285714285714,3,5,true,false,DPS,4,0,false,REVIEW,Broad role fit with borderline Gear Score
12489834053,12489834053,Helmet,helm,DestructionSet,Epic,85,15,Health,2700.0,58.2,58.2,8.0,58.2,3,5,true,false,DPS,4,0,false,REVIEW,Broad role fit with borderline Gear Score
12491587836,12491587836,Armor,armor,DestructionSet,Epic,85,15,Defense,300.0,66.65714285714286,59.65714285714285,31.0,66.65714285714286,3,5,true,false,BRUISER,4,0,false,REVIEW,High Gear Score but incomplete role signal
12499720243,12499720243,Boots,boot,PenetrationSet,Epic,88,15,Speed,45.0,69.02857142857142,53.028571428571425,16.0,69.02857142857142,3,5,true,false,BRUISER,3,1,true,KEEP,Spike with coherent role fit
12499727328,12499727328,Armor,armor,ResistSet,Epic,88,15,Defense,310.0,64.0,6.0,64.0,57.0,4,5,true,false,SUPPORT,4,0,false,REVIEW,Broad role fit with borderline Gear Score
12499734188,12499734188,Boots,boot,ProtectionSet,Epic,88,15,HealthPercent,65.0,64.0,6.0,49.0,21.0,3,5,true,false,BRUISER,2,2,true,KEEP,Strong slot/main-stat role fit
12499734190,12499734190,Necklace,neck,ImmunitySet,Epic,88,15,HealthPercent,65.0,66.0,22.0,50.0,43.0,2,5,false,false,DEBUFFER,3,1,true,REVIEW,High Gear Score but incomplete role signal
12499738466,12499738466,Weapon,weapon,TorrentSet,Epic,88,15,Attack,515.0,65.4,65.4,6.0,65.4,3,5,true,false,DPS,4,0,false,REVIEW,Broad role fit with borderline Gear Score
12499758242,12499758242,Weapon,weapon,ImmunitySet,Epic,88,15,Attack,515.0,65.11428571428571,42.114285714285714,37.0,65.11428571428571,2,5,false,false,BRUISER,4,0,false,REVIEW,Broad role fit with borderline Gear Score
12503018818,12503018818,Weapon,weapon,SpeedSet,Epic,88,15,Attack,515.0,62.0,26.0,56.0,50.0,3,5,true,false,SUPPORT,3,0,false,REVIEW,Broad role fit with borderline Gear Score
12503237396,12503237396,Weapon,weapon,HitSet,Epic,88,15,Attack,515.0,67.0,24.0,59.0,37.0,2,5,false,false,SUPPORT,3,0,false,REVIEW,High Gear Score but incomplete role signal
12503245080,12503245080,Helmet,helm,SpeedSet,Epic,88,15,Health,2765.0,62.0,20.0,56.0,56.0,2,5,false,false,DEBUFFER,4,0,false,REVIEW,Broad role fit with borderline Gear Score
12503396220,12503396220,Armor,armor,SpeedSet,Epic,88,15,Defense,310.0,61.0,20.0,55.0,55.0,2,5,false,false,DEBUFFER,4,0,false,REVIEW,Broad role fit with borderline Gear Score
12507856909,12507856909,Boots,boot,SpeedSet,Epic,88,15,Speed,45.0,61.0,0.0,55.0,49.0,3,5,true,false,BRUISER,2,2,true,KEEP,Strong slot/main-stat role fit
12507990323,12507990323,Weapon,weapon,ImmunitySet,Epic,88,15,Attack,515.0,70.6,42.6,38.0,70.6,3,5,true,false,BRUISER,3,0,false,REVIEW,High Gear Score but incomplete role signal
12507991081,12507991081,Armor,armor,ImmunitySet,Epic,88,15,Defense,310.0,57.8,12.8,45.0,45.8,3,5,true,false,BRUISER,3,0,false,DELETE_CANDIDATE,Low-quality spread with weak role signal
12508385575,12508385575,Helmet,helm,HealthSet,Epic,88,15,Health,2765.0,74.0,0.0,57.0,41.0,2,5,false,false,DEBUFFER,3,0,false,REVIEW,High Gear Score but incomplete role signal
12508484354,12508484354,Ring,ring,SpeedSet,Epic,85,15,EffectivenessPercent,60.0,60.026221198156684,54.714285714285715,10.0,60.026221198156684,5,5,true,false,DPS,3,1,false,KEEP,Spike with coherent role fit
12508757529,12508757529,Necklace,neck,DestructionSet,Epic,88,15,CriticalHitDamagePercent,70.0,77.0,61.0,34.0,77.0,2,5,false,false,DPS,3,2,true,KEEP,Strong slot/main-stat role fit
12510757467,12510757467,Weapon,weapon,SpeedSet,Epic,88,15,Attack,515.0,69.0,26.0,54.0,40.0,2,5,false,false,DEBUFFER,3,0,false,REVIEW,High Gear Score but incomplete role signal
12511304987,12511304987,Boots,boot,SpeedSet,Epic,85,15,HealthPercent,60.0,60.97142857142857,60.97142857142857,12.0,60.97142857142857,2,5,false,false,DPS,4,2,false,REVIEW,Multiple slot-preferred stats but incomplete main-stat fit
12511833773,12511833773,Ring,ring,SpeedSet,Epic,88,15,HealthPercent,65.0,61.0,26.0,55.0,49.0,3,5,true,false,SUPPORT,3,2,true,KEEP,Strong slot/main-stat role fit
12511916786,12511916786,Ring,ring,DestructionSet,Epic,85,15,HealthPercent,60.0,58.130967741935486,16.0,27.0,44.130967741935486,2,5,false,false,SUPPORT,2,2,true,KEEP,Strong slot/main-stat role fit
12512450742,12512450742,Necklace,neck,SpeedSet,Epic,88,15,HealthPercent,65.0,61.0,26.0,55.0,49.0,3,5,true,false,SUPPORT,3,1,true,KEEP,Spike with coherent role fit
12512818498,12512818498,Weapon,weapon,TorrentSet,Epic,85,15,Attack,500.0,58.714285714285715,30.714285714285715,42.0,58.714285714285715,3,5,true,false,BRUISER,3,0,false,REVIEW,Broad role fit with borderline Gear Score
12512822143,12512822143,Necklace,neck,SpeedSet,Epic,88,15,HealthPercent,65.0,66.34285714285714,36.34285714285714,25.0,36.34285714285714,2,5,false,false,BRUISER,2,2,true,KEEP,Strong slot/main-stat role fit
12513243284,12513243284,Ring,ring,SpeedSet,Epic,85,15,HealthPercent,60.0,60.0,18.0,54.0,34.0,2,5,false,false,SUPPORT,3,2,true,KEEP,Strong slot/main-stat role fit
12513245783,12513245783,Weapon,weapon,SpeedSet,Epic,88,15,Attack,515.0,73.74285714285713,73.74285714285713,30.0,73.74285714285713,3,5,true,false,DPS,4,0,false,KEEP,Exceptional Speed safety rule
12513252613,12513252613,Ring,ring,SpeedSet,Epic,88,15,HealthPercent,65.0,62.52461538461539,26.0,18.0,30.524615384615384,3,5,true,false,SUPPORT,1,1,true,KEEP,Spike with coherent role fit
12513253692,12513253692,Ring,ring,SpeedSet,Epic,88,15,EffectivenessPercent,65.0,60.54940886699507,50.14285714285714,0.0,60.54940886699507,2,5,false,false,DPS,3,1,false,REVIEW,Broad role fit with borderline Gear Score
12513366344,12513366344,Armor,armor,HealthSet,Epic,90,15,Defense,310.0,69.0,8.0,61.0,56.0,3,5,true,false,SUPPORT,3,0,false,REVIEW,High Gear Score but incomplete role signal
12513580830,12513580830,Ring,ring,TorrentSet,Epic,88,15,AttackPercent,65.0,76.88571428571429,61.885714285714286,25.0,76.88571428571429,4,5,true,false,BRUISER,4,1,true,KEEP,Spike with coherent role fit
12517004080,12517004080,Boots,boot,ImmunitySet,Epic,88,15,Speed,45.0,75.0,0.0,57.0,39.0,2,5,false,false,BRUISER,2,2,true,KEEP,Strong slot/main-stat role fit
12517453532,12517453532,Armor,armor,SpeedSet,Epic,85,15,Defense,300.0,56.0,18.0,56.0,50.0,2,5,false,false,SUPPORT,4,0,false,DELETE_CANDIDATE,Low-quality spread with weak role signal
12517847617,12517847617,Weapon,weapon,DestructionSet,Epic,90,15,Attack,525.0,69.71428571428572,69.71428571428572,32.0,69.71428571428572,3,5,true,false,DPS,4,0,false,KEEP,Exceptional Speed safety rule
12518400888,12518400888,Necklace,neck,HealthSet,Epic,90,15,HealthPercent,65.0,73.6,17.6,39.0,39.6,2,5,false,false,BRUISER,2,2,true,KEEP,Strong slot/main-stat role fit
12518467936,12518467936,Helmet,helm,SpeedSet,Epic,85,15,Health,2700.0,57.0,20.0,57.0,45.0,2,5,false,false,SUPPORT,4,0,false,DELETE_CANDIDATE,Low-quality spread with weak role signal
12518475375,12518475375,Ring,ring,SpeedSet,Epic,88,15,HealthPercent,65.0,74.0,40.0,65.0,56.0,4,5,true,false,SUPPORT,3,2,true,KEEP,Exceptional Speed safety rule
12518480963,12518480963,Helmet,helm,SpeedSet,Epic,85,15,Health,2700.0,55.91428571428572,55.91428571428572,12.0,55.91428571428572,2,5,false,false,DPS,4,0,false,DELETE_CANDIDATE,Low-quality spread with weak role signal
12518921435,12518921435,Ring,ring,SpeedSet,Epic,85,15,AttackPercent,60.0,56.74285714285715,50.74285714285715,22.0,56.74285714285715,2,5,false,false,BRUISER,4,1,true,REVIEW,One core stat with preferred main stat
12520633657,12520633657,Helmet,helm,HitSet,Epic,88,15,Health,2765.0,68.0,18.0,60.0,60.0,3,5,true,false,DEBUFFER,4,0,false,REVIEW,High Gear Score but incomplete role signal
12533990849,12533990849,Weapon,weapon,PenetrationSet,Epic,88,15,Attack,515.0,66.4,66.4,28.0,66.4,3,5,true,false,DPS,4,0,false,REVIEW,High Gear Score but incomplete role signal
12538617825,12538617825,Helmet,helm,PenetrationSet,Epic,88,15,Health,2765.0,73.31428571428572,73.31428571428572,10.0,73.31428571428572,2,5,false,false,DPS,4,0,false,REVIEW,High Gear Score but incomplete role signal
12538655810,12538655810,Armor,armor,PenetrationSet,Epic,88,15,Defense,310.0,72.74285714285715,58.74285714285715,30.0,72.74285714285715,2,5,false,false,BRUISER,4,0,false,REVIEW,High Gear Score but incomplete role signal
12543339689,12543339689,Boots,boot,PenetrationSet,Epic,88,15,Speed,45.0,70.6,48.6,22.0,70.6,2,5,false,false,BRUISER,3,1,true,REVIEW,High Gear Score but incomplete role signal
12543665500,12543665500,Armor,armor,HitSet,Epic,88,15,Defense,310.0,68.0,18.0,55.0,55.0,2,5,false,false,DEBUFFER,4,0,false,REVIEW,High Gear Score but incomplete role signal
12552648461,12552648461,Ring,ring,SpeedSet,Epic,90,15,AttackPercent,65.0,70.31428571428572,63.31428571428572,15.0,70.31428571428572,4,5,true,false,BRUISER,4,1,true,KEEP,Spike with coherent role fit
12552654874,12552654874,Ring,ring,SpeedSet,Epic,85,15,HealthPercent,60.0,58.0,12.0,34.0,28.0,3,5,true,false,SUPPORT,3,2,true,KEEP,Strong slot/main-stat role fit
12552656388,12552656388,Boots,boot,SpeedSet,Epic,90,15,Speed,45.0,66.0,0.0,59.0,43.0,3,5,true,false,BRUISER,2,2,true,KEEP,Strong slot/main-stat role fit
12552657653,12552657653,Ring,ring,SpeedSet,Epic,90,15,HealthPercent,65.0,71.0,32.0,64.0,48.0,3,5,true,false,SUPPORT,3,2,true,KEEP,Exceptional Speed safety rule
12552658810,12552658810,Weapon,weapon,SpeedSet,Epic,85,15,Attack,500.0,56.25714285714285,56.25714285714285,16.0,56.25714285714285,2,5,false,false,DPS,4,0,false,DELETE_CANDIDATE,Low-quality spread with weak role signal
12552660663,12552660663,Necklace,neck,SpeedSet,Epic,85,15,CriticalHitDamagePercent,65.0,57.2,36.2,31.0,57.2,2,5,false,false,BRUISER,3,2,true,KEEP,Strong slot/main-stat role fit
12552661187,12552661187,Armor,armor,SpeedSet,Epic,90,15,Defense,310.0,67.71428571428571,59.71428571428571,38.0,67.71428571428571,3,5,true,false,BRUISER,4,0,false,KEEP,Exceptional Speed safety rule
12553687737,12553687737,Ring,ring,PenetrationSet,Epic,88,15,AttackPercent,65.0,71.54285714285714,49.542857142857144,32.0,71.54285714285714,2,5,false,false,BRUISER,4,1,true,REVIEW,High Gear Score but incomplete role signal
12553854239,12553854239,Necklace,neck,PenetrationSet,Epic,88,15,CriticalHitDamagePercent,70.0,72.6,41.6,55.0,72.6,3,5,true,false,BRUISER,3,2,true,KEEP,Strong slot/main-stat role fit
12554285841,12554285841,Weapon,weapon,HitSet,Epic,90,15,Attack,525.0,61.0,34.0,48.0,43.0,4,5,true,false,DEBUFFER,3,0,false,KEEP,Exceptional Speed safety rule
12558074962,12558074962,Armor,armor,SpeedSet,Epic,88,15,Defense,310.0,72.0,16.0,56.0,56.0,2,5,false,false,DEBUFFER,4,0,false,REVIEW,High Gear Score but incomplete role signal
12562197534,12562197534,Boots,boot,SpeedSet,Epic,85,15,Speed,40.0,59.0,0.0,45.0,25.0,2,5,false,false,BRUISER,2,2,true,KEEP,Strong slot/main-stat role fit
12562206470,12562206470,Boots,boot,SpeedSet,Epic,90,15,Speed,45.0,70.6,63.6,7.0,70.6,4,5,true,false,DPS,3,1,true,KEEP,Spike with coherent role fit
12562300279,12562300279,Weapon,weapon,HealthSet,Epic,88,15,Attack,515.0,62.0,20.0,56.0,50.0,3,5,true,false,SUPPORT,3,0,false,REVIEW,Broad role fit with borderline Gear Score
12565809932,12565809932,Helmet,helm,HealthSet,Epic,88,15,Health,2765.0,62.0,16.0,62.0,56.0,3,5,true,false,SUPPORT,4,0,false,REVIEW,Broad role fit with borderline Gear Score
12565942793,12565942793,Armor,armor,HealthSet,Epic,88,15,Defense,310.0,61.0,16.0,61.0,55.0,3,5,true,false,SUPPORT,4,0,false,REVIEW,Broad role fit with borderline Gear Score
12566034709,12566034709,Boots,boot,SpeedSet,Epic,88,15,Speed,45.0,73.0,9.0,42.0,51.0,2,5,false,false,BRUISER,2,2,true,KEEP,Strong slot/main-stat role fit
12566042805,12566042805,Necklace,neck,PursuitSet,Epic,88,15,AttackPercent,65.0,71.0,18.0,54.0,54.0,2,5,false,false,DEBUFFER,4,2,true,KEEP,Strong slot/main-stat role fit
12568731915,12568731915,Boots,boot,HitSet,Epic,88,15,Speed,45.0,72.0,0.0,64.0,32.0,3,5,true,false,BRUISER,2,2,true,KEEP,Strong slot/main-stat role fit
12568755335,12568755335,Boots,boot,HealthSet,Epic,88,15,Speed,45.0,61.0,0.0,55.0,49.0,3,5,true,false,BRUISER,2,2,true,KEEP,Strong slot/main-stat role fit
12576586583,12576586583,Ring,ring,HealthSet,Epic,88,15,HealthPercent,65.0,61.0,24.0,55.0,49.0,3,5,true,false,SUPPORT,3,2,true,KEEP,Strong slot/main-stat role fit
12576865278,12576865278,Necklace,neck,HealthSet,Epic,88,15,HealthPercent,65.0,61.0,24.0,55.0,49.0,3,5,true,false,SUPPORT,3,1,true,KEEP,Spike with coherent role fit
12577306132,12577306132,Boots,boot,TorrentSet,Epic,85,15,HealthPercent,60.0,56.980000000000004,40.0,37.0,56.980000000000004,3,5,true,false,BRUISER,2,2,true,KEEP,Exceptional Speed safety rule
12578136952,12578136952,Helmet,helm,ImmunitySet,Epic,88,15,Health,2765.0,71.0,18.0,57.0,25.0,3,5,true,false,SUPPORT,3,0,false,REVIEW,High Gear Score but incomplete role signal
12581878158,12581878158,Ring,ring,WeakeningSet,Epic,85,15,AttackPercent,60.0,49.24344322344322,41.42857142857143,34.0,45.24344322344322,4,5,true,false,SUPPORT,2,1,false,KEEP,Exceptional Speed safety rule
12581900098,12581900098,Helmet,helm,WeakeningSet,Epic,85,15,Health,2700.0,54.31428571428572,54.31428571428572,6.0,54.31428571428572,3,5,true,false,DPS,4,0,false,DELETE_CANDIDATE,Low-quality spread with weak role signal
12581903312,12581903312,Weapon,weapon,WeakeningSet,Epic,90,15,Attack,525.0,67.52844827586208,49.0,30.0,53.52844827586207,3,5,true,false,DPS,2,0,false,KEEP,Exceptional Speed safety rule
12584082611,12584082611,Ring,ring,HitSet,Epic,88,15,EffectivenessPercent,65.0,65.0,10.0,65.0,37.0,3,5,true,false,SUPPORT,4,3,false,KEEP,Spike with coherent role fit
12584219395,12584219395,Necklace,neck,DestructionSet,Epic,88,15,CriticalHitDamagePercent,70.0,70.0,40.0,48.0,70.0,3,5,true,false,BRUISER,3,2,true,KEEP,Strong slot/main-stat role fit
12587458696,12587458696,Weapon,weapon,PursuitSet,Epic,88,15,Attack,515.0,70.0,41.0,27.0,50.0,2,5,false,false,DEBUFFER,3,0,false,REVIEW,High Gear Score but incomplete role signal
12587534914,12587534914,Helmet,helm,PursuitSet,Epic,88,15,Health,2765.0,71.0,26.0,71.0,57.0,2,5,false,false,SUPPORT,4,0,false,REVIEW,High Gear Score but incomplete role signal
12590225819,12590225819,Armor,armor,PursuitSet,Epic,88,15,Defense,310.0,68.0,24.0,68.0,54.0,2,5,false,false,SUPPORT,4,0,false,REVIEW,High Gear Score but incomplete role signal
12590263260,12590263260,Necklace,neck,HitSet,Epic,88,15,HealthPercent,65.0,66.0,34.0,58.0,42.0,4,5,true,false,SUPPORT,3,1,true,KEEP,Exceptional Speed safety rule
12593557859,12593557859,Boots,boot,PursuitSet,Epic,88,15,Speed,45.0,69.0,22.0,34.0,56.0,2,5,false,false,BRUISER,2,2,true,KEEP,Strong slot/main-stat role fit
12593570583,12593570583,Boots,boot,DestructionSet,Epic,88,15,AttackPercent,65.0,70.31428571428572,49.31428571428572,31.0,70.31428571428572,2,5,false,false,BRUISER,4,2,false,KEEP,Strong slot role fit with high Gear Score
12595882464,12595882464,Boots,boot,WeakeningSet,Epic,90,15,Speed,45.0,64.57142857142857,29.57142857142857,35.0,64.57142857142857,2,5,false,false,BRUISER,3,2,true,KEEP,Strong slot/main-stat role fit
12595882466,12595882466,Ring,ring,WeakeningSet,Epic,90,15,EffectivenessPercent,65.0,60.79051724137931,45.0,39.0,60.79051724137931,3,5,true,true,DEBUFFER,2,1,true,KEEP,Modified substat (safe)
12598047002,12598047002,Ring,ring,PursuitSet,Epic,88,15,AttackPercent,65.0,65.0,18.0,52.0,52.0,2,5,false,false,BRUISER,3,2,true,KEEP,Strong slot/main-stat role fit
12598227306,12598227306,Ring,ring,ImmunitySet,Epic,85,15,AttackPercent,60.0,46.19931034482759,27.200000000000003,8.0,40.19931034482759,3,5,true,false,DEBUFFER,2,1,false,DELETE_CANDIDATE,Low-quality spread with weak role signal
12598481910,12598481910,Boots,boot,WeakeningSet,Epic,85,15,HealthPercent,60.0,52.12014652014652,48.57142857142857,6.0,52.12014652014652,3,5,true,false,DPS,3,2,false,REVIEW,Multiple slot-preferred stats but incomplete main-stat fit
12599548674,12599548674,Necklace,neck,PursuitSet,Epic,88,15,HealthPercent,65.0,69.0,24.0,48.0,33.0,2,5,false,false,DEBUFFER,3,1,true,REVIEW,High Gear Score but incomplete role signal
12608015806,12608015806,Ring,ring,SpeedSet,Epic,88,15,HealthPercent,65.0,64.0,16.0,38.0,24.0,3,5,true,false,SUPPORT,3,2,true,KEEP,Strong slot/main-stat role fit
12615284969,12615284969,Armor,armor,SpeedSet,Epic,88,15,Defense,310.0,71.0,18.0,62.0,62.0,2,5,false,false,DEBUFFER,4,0,false,REVIEW,High Gear Score but incomplete role signal
12618261634,12618261634,Weapon,weapon,ImmunitySet,Epic,88,15,Attack,515.0,62.0,30.0,56.0,50.0,3,5,true,false,SUPPORT,3,0,false,KEEP,Exceptional Speed safety rule
12618261635,12618261635,Helmet,helm,ImmunitySet,Epic,88,15,Health,2765.0,62.0,30.0,62.0,56.0,3,5,true,false,SUPPORT,4,0,false,KEEP,Exceptional Speed safety rule
12622193329,12622193329,Boots,boot,SpeedSet,Epic,88,15,Speed,45.0,70.0,0.0,61.0,33.0,3,5,true,false,BRUISER,2,2,true,KEEP,Strong slot/main-stat role fit
12622245841,12622245841,Weapon,weapon,CriticalSet,Epic,88,15,Attack,515.0,69.31428571428572,69.31428571428572,24.0,69.31428571428572,2,5,false,false,DPS,4,0,false,REVIEW,High Gear Score but incomplete role signal
12622245932,12622245932,Necklace,neck,CriticalSet,Epic,88,15,CriticalHitDamagePercent,70.0,70.8,52.8,28.0,70.8,2,5,false,false,DPS,3,2,true,KEEP,Strong slot/main-stat role fit
12625062334,12625062334,Armor,armor,ImmunitySet,Epic,88,15,Defense,310.0,61.0,28.0,61.0,55.0,3,5,true,false,SUPPORT,4,0,false,REVIEW,Broad role fit with borderline Gear Score
12625293137,12625293137,Necklace,neck,FervorSet,Epic,85,15,CriticalHitDamagePercent,65.0,60.01641025641025,22.0,57.0,60.01641025641025,2,5,false,false,BRUISER,3,2,true,KEEP,Strong slot/main-stat role fit
12625431878,12625431878,Boots,boot,ImmunitySet,Epic,88,15,Speed,45.0,61.0,0.0,55.0,49.0,3,5,true,false,BRUISER,2,2,true,KEEP,Strong slot/main-stat role fit
12629031715,12629031715,Boots,boot,FervorSet,Epic,85,15,HealthPercent,60.0,56.400000000000006,51.400000000000006,19.0,51.400000000000006,4,5,true,false,DPS,3,2,false,REVIEW,Multiple slot-preferred stats but incomplete main-stat fit
12633918002,12633918002,Helmet,helm,SpeedSet,Epic,88,15,Health,2765.0,73.0,38.0,56.0,56.0,4,5,true,false,DEBUFFER,4,0,false,KEEP,Exceptional Speed safety rule
12633920773,12633920773,Ring,ring,ImmunitySet,Epic,88,15,HealthPercent,65.0,61.0,28.0,55.0,49.0,3,5,true,false,SUPPORT,3,2,true,KEEP,Strong slot/main-stat role fit
12633924383,12633924383,Ring,ring,SpeedSet,Epic,88,15,EffectivenessPercent,65.0,74.0,25.0,65.0,74.0,3,5,true,false,BRUISER,3,2,false,KEEP,Strong slot role fit with high Gear Score
12636351781,12636351781,Necklace,neck,ImmunitySet,Epic,88,15,HealthPercent,65.0,61.0,28.0,55.0,49.0,3,5,true,false,SUPPORT,3,1,true,KEEP,Spike with coherent role fit
12644988536,12644988536,Weapon,weapon,SpeedSet,Epic,88,15,Attack,515.0,76.74285714285715,76.74285714285715,34.0,76.74285714285715,3,5,true,false,DPS,4,0,false,KEEP,Exceptional Speed safety rule
12649815751,12649815751,Helmet,helm,SpeedSet,Epic,88,15,Health,2765.0,72.6,72.6,10.0,72.6,3,5,true,false,DPS,4,0,false,REVIEW,High Gear Score but incomplete role signal
12657055136,12657055136,Helmet,helm,SpeedSet,Epic,88,15,Health,2765.0,70.0,24.0,54.0,54.0,2,5,false,false,DEBUFFER,4,0,false,REVIEW,High Gear Score but incomplete role signal
12657071809,12657071809,Armor,armor,SpeedSet,Epic,88,15,Defense,310.0,74.0,66.0,26.0,74.0,3,5,true,false,BRUISER,4,0,false,REVIEW,High Gear Score but incomplete role signal
12659923552,12659923552,Boots,boot,SpeedSet,Epic,88,15,Speed,45.0,70.85714285714286,62.857142857142854,8.0,70.85714285714286,3,5,true,false,DPS,3,1,true,KEEP,Spike with coherent role fit
12667462616,12667462616,Ring,ring,SpeedSet,Epic,88,15,AttackPercent,65.0,72.31428571428572,57.31428571428572,25.0,72.31428571428572,2,5,false,false,BRUISER,4,1,true,REVIEW,High Gear Score but incomplete role signal
12674007561,12674007561,Necklace,neck,SpeedSet,Epic,88,15,CriticalHitDamagePercent,70.0,69.6,48.6,31.0,69.6,2,5,false,false,DPS,3,2,true,KEEP,Strong slot/main-stat role fit
